distance_group_key,root,file,srcid,grade,z_use,z_best,z_phot,ztype,snr_ha_nii_cat,snr_oiii_hybrid_cat,oiii_cat_method
CEERS__source_id_fof_08542,ceers-v4,ceers-v4_prism-clear_1345_4317.spec.fits,4317,3.0,0.284055085,0.284055085,0.2628882,G,15.289437677011117,21.835263166302692,combined_line_oiii
CEERS__source_id_fof_08566,ceers-v4,ceers-v4_prism-clear_1345_45820.spec.fits,45820,3.0,0.50484425,0.50484425,0.4807185,P,21.002080586397124,23.116941801534065,combined_line_oiii
CEERS__source_id_fof_08546,ceers-v4,ceers-v4_prism-clear_1345_43440.spec.fits,43440,3.0,0.6468916,0.6468916,0.64540625,P,17.651985460157412,28.19977910238619,combined_line_oiii
CEERS__source_id_fof_08675,ceers-v4,ceers-v4_prism-clear_1345_7609.spec.fits,7609,3.0,0.66826993,0.66826993,0.65218455,P,13.293614709810639,17.630915861412387,combined_line_oiii
CEERS__source_id_fof_08514,ceers-v4,ceers-v4_prism-clear_1345_41002.spec.fits,41002,3.0,0.7407037,0.7407037,0.7335689,P,12.559937235405522,15.866221991584572,combined_line_oiii
CEERS__source_id_fof_08544,ceers-v4,ceers-v4_prism-clear_1345_43270.spec.fits,43270,3.0,0.91954696,0.91954696,0.8412704,P,16.019747706345363,22.05613237815171,combined_line_oiii
CEERS__source_id_fof_07859,ceers-ddt-v4,ceers-ddt-v4_prism-clear_2750_6438.spec.fits,6438,3.0,0.9458309,0.9458309,0.95188576,P,12.92537509215501,13.714744439852346,combined_line_oiii
CEERS__source_id_fof_08679,ceers-v4,ceers-v4_prism-clear_1345_7808.spec.fits,7808,3.0,1.0468245,1.0468245,1.0385116,P,18.816504055843136,23.575852469191496,combined_line_oiii
CEERS__source_id_fof_08680,ceers-v4,ceers-v4_prism-clear_1345_7821.spec.fits,240,3.0,1.19455,1.19455,,P,23.370401820385048,8.022878699640911,combined_line_oiii
CEERS__source_id_fof_08293,ceers-v4,ceers-v4_prism-clear_1345_24669.spec.fits,24669,3.0,1.2069012,1.2069012,1.1728245,P,11.585354746420169,13.49653840932744,combined_line_oiii
CEERS__source_id_fof_06393,ceers-v4,ceers-v4_prism-clear_1345_26574.spec.fits,26574,3.0,1.21331,1.21331,1.2241169,P,24.761682872676303,28.085158242749454,combined_line_oiii
CEERS__source_id_fof_08278,ceers-v4,ceers-v4_prism-clear_1345_23542.spec.fits,23542,3.0,1.27712,1.27712,1.265056,G,31.090049692893565,18.790548463023217,combined_line_oiii
CEERS__source_id_fof_07839,ceers-ddt-v4,ceers-ddt-v4_prism-clear_2750_31852.spec.fits,31852,3.0,1.3957337,1.3957337,1.373126,P,15.632459488684527,15.64391755716758,combined_line_oiii
CEERS__source_id_fof_08482,ceers-v4,ceers-v4_prism-clear_1345_3855.spec.fits,3855,3.0,1.3970088,1.3970088,1.3744898,G,37.071305491266536,47.820578267888095,combined_line_oiii
CEERS__source_id_fof_07825,ceers-ddt-v4,ceers-ddt-v4_prism-clear_2750_27920.spec.fits,27920,3.0,1.5157964,1.5157964,1.5092216,P,25.284313962319292,36.127000351453866,combined_line_oiii
CEERS__source_id_fof_07854,ceers-ddt-v4,ceers-ddt-v4_prism-clear_2750_4583.spec.fits,4583,3.0,1.5334687,1.5334687,1.3464518,P,37.37140607327003,34.91666785981734,combined_line_oiii
CEERS__source_id_fof_07855,ceers-ddt-v4,ceers-ddt-v4_prism-clear_2750_5336.spec.fits,5336,3.0,1.5428602,1.5428602,1.3291754,P,20.99250891964501,16.331222156820225,combined_line_oiii
CEERS__source_id_fof_08821,ceers-v4,ceers-v4_prism-clear_1345_9117.spec.fits,9117,3.0,1.5438775,1.5438775,1.5458802,P,13.938344932436056,12.721984786193538,combined_line_oiii
CEERS__source_id_fof_08478,ceers-v4,ceers-v4_prism-clear_1345_3818.spec.fits,3818,3.0,1.5691564,1.5691564,1.5640115,P,47.8931182204501,55.25363151394115,combined_line_oiii
CEERS__source_id_fof_07826,ceers-ddt-v4,ceers-ddt-v4_prism-clear_2750_28105.spec.fits,28105,3.0,1.573301,1.573301,1.6031564,P,43.62928279560318,56.370358608881894,combined_line_oiii
CEERS__source_id_fof_08294,ceers-v4,ceers-v4_prism-clear_1345_24702.spec.fits,24702,3.0,1.5849061,1.5849061,1.6004483,P,18.368595719168272,20.720376150318526,combined_line_oiii
CEERS__source_id_fof_08837,ceers-v4,ceers-v4_prism-clear_1345_9751.spec.fits,9751,3.0,1.5981231,1.5981231,1.5098221,P,13.676739464305758,13.364475338316204,combined_line_oiii
CEERS__source_id_fof_08312,ceers-v4,ceers-v4_prism-clear_1345_26071.spec.fits,26071,3.0,1.6965936,1.6965936,1.6888143,P,16.684768624110767,15.754889306910208,combined_line_oiii
CEERS__source_id_fof_08362,ceers-v4,ceers-v4_prism-clear_1345_2919.spec.fits,2919,3.0,1.717958,1.717958,1.683302,G,25.03351600918069,16.9239476018931,combined_line_oiii
CEERS__source_id_fof_08762,ceers-v4,ceers-v4_prism-clear_1345_8286.spec.fits,8286,3.0,1.718253,1.718253,1.7409073,P,30.841194181012103,26.946001585623183,combined_line_oiii
CEERS__source_id_fof_08573,ceers-v4,ceers-v4_prism-clear_1345_4745.spec.fits,4745,3.0,1.7618188,1.7618188,1.8464502,P,34.69962632342,14.71375110745054,combined_line_oiii
CEERS__source_id_fof_08698,ceers-v4,ceers-v4_prism-clear_1345_80077.spec.fits,80077,3.0,1.7912499,1.7912499,2.240197,P,13.620358109579561,21.13319857840474,combined_line_oiii
CEERS__source_id_fof_08300,ceers-v4,ceers-v4_prism-clear_1345_25177.spec.fits,25177,3.0,1.796558,1.796558,1.7446184,P,30.832273215376482,33.6669545811926,combined_line_oiii
CEERS__source_id_fof_08743,ceers-v4,ceers-v4_prism-clear_1345_8195.spec.fits,8195,3.0,1.8055211,1.8055211,1.907026,P,28.396871678246647,25.02425051466289,combined_line_oiii
CEERS__source_id_fof_08839,ceers-v4,ceers-v4_prism-clear_1345_9780.spec.fits,9780,3.0,1.8069402676754804,1.8069402676754804,1.7346059,P,9.698313423900675,8.268119997609176,combined_line_oiii
CEERS__source_id_fof_08436,ceers-v4,ceers-v4_prism-clear_1345_35030.spec.fits,35030,3.0,1.808578008958332,1.808578008958332,1.6983722,P,17.451457376938034,13.554940118421014,combined_line_oiii
CEERS__source_id_fof_07816,ceers-ddt-v4,ceers-ddt-v4_prism-clear_2750_24210.spec.fits,24210,3.0,1.8201474,1.8201474,1.8524241,P,52.56521924354301,49.03442985095154,combined_line_oiii
CEERS__source_id_fof_07822,ceers-ddt-v4,ceers-ddt-v4_prism-clear_2750_26827.spec.fits,26827,3.0,1.8484902,1.8484902,1.7103474,P,9.648030304963587,9.63051125933027,combined_line_oiii
CEERS__source_id_fof_08383,ceers-v4,ceers-v4_prism-clear_1345_30355.spec.fits,57,3.0,1.910242280136223,1.910242280136223,,P,15.892768748232918,25.63346045538713,combined_line_oiii
CEERS__source_id_fof_08308,ceers-v4,ceers-v4_prism-clear_1345_25742.spec.fits,25742,3.0,1.9176817,1.9176817,1.831432,P,11.483444475120063,8.861880360695089,combined_line_oiii
CEERS__source_id_fof_08206,ceers-v4,ceers-v4_prism-clear_1345_18831.spec.fits,18831,3.0,1.9194323,1.9194323,2.114238,P,32.827860568049715,43.76708291617235,combined_line_oiii
CEERS__source_id_fof_08247,ceers-v4,ceers-v4_prism-clear_1345_21875.spec.fits,21875,3.0,1.922354,1.922354,-1.0,P,10.536256800349891,17.9247782945299,combined_line_oiii
CEERS__source_id_fof_08228,ceers-v4,ceers-v4_prism-clear_1345_20821.spec.fits,20821,3.0,1.9461207,1.9461207,2.3015203,P,36.668959774782195,57.43996167324225,combined_line_oiii
CEERS__source_id_fof_07850,ceers-ddt-v4,ceers-ddt-v4_prism-clear_2750_4179.spec.fits,4179,3.0,2.0065386,2.0065386,2.2423062,P,30.479673312683232,28.544815608903505,combined_line_oiii
CEERS__source_id_fof_08229,ceers-v4,ceers-v4_prism-clear_1345_20823.spec.fits,20823,3.0,2.0110514,2.0110514,2.1359527,P,11.145092496885505,11.907809902143331,combined_line_oiii
CEERS__source_id_fof_07818,ceers-ddt-v4,ceers-ddt-v4_prism-clear_2750_25755.spec.fits,25755,3.0,2.0122554,2.0122554,1.9774443,P,27.399860138694528,23.326540199377277,combined_line_oiii
CEERS__source_id_fof_07833,ceers-ddt-v4,ceers-ddt-v4_prism-clear_2750_29955.spec.fits,29955,3.0,2.0125573,2.0125573,2.146274,P,20.076888953006314,27.226791315768605,combined_line_oiii
CEERS__source_id_fof_08332,ceers-v4,ceers-v4_prism-clear_1345_27164.spec.fits,27164,3.0,2.015571,2.015571,1.9774617,P,15.195281291023683,8.38622476237265,combined_line_oiii
CEERS__source_id_fof_07819,ceers-ddt-v4,ceers-ddt-v4_prism-clear_2750_25998.spec.fits,25998,3.0,2.016476,2.016476,2.0321186,P,24.078917515047056,36.45663846007422,combined_line_oiii
CEERS__source_id_fof_08408,ceers-v4,ceers-v4_prism-clear_1345_31789.spec.fits,31789,3.0,2.0182867,2.0182867,2.0388422,P,14.098019794121004,18.769239957332964,combined_line_oiii
CEERS__source_id_fof_08840,ceers-v4,ceers-v4_prism-clear_1345_9950.spec.fits,9950,3.0,2.0315964,2.0315964,2.0287976,P,15.982035379161974,13.595046312950595,combined_line_oiii
CEERS__source_id_fof_08814,ceers-v4,ceers-v4_prism-clear_1345_8698.spec.fits,8698,3.0,2.114876,2.114876,2.2417552,P,21.463942929922197,26.284582477135487,combined_line_oiii
CEERS__source_id_fof_08249,ceers-v4,ceers-v4_prism-clear_1345_21913.spec.fits,21913,3.0,2.1333075,2.1333075,0.058290824,P,32.31831529117953,31.100411861020348,combined_line_oiii
CEERS__source_id_fof_07809,ceers-ddt-v4,ceers-ddt-v4_prism-clear_2750_21413.spec.fits,21413,3.0,2.1402092,2.1402092,2.1224158,P,28.02418469462232,30.30031754299712,combined_line_oiii
CEERS__source_id_fof_08224,ceers-v4,ceers-v4_prism-clear_1345_20406.spec.fits,20406,3.0,2.1427224,2.1427224,2.3052428,P,30.71121345251606,31.538947824410492,combined_line_oiii
CEERS__source_id_fof_07774,ceers-ddt-v4,ceers-ddt-v4_prism-clear_2750_1142.spec.fits,1142,3.0,2.1433506,2.1433506,0.54138243,P,15.70802487181844,21.179505386764173,combined_line_oiii
CEERS__source_id_fof_08602,ceers-v4,ceers-v4_prism-clear_1345_5337.spec.fits,5337,3.0,2.1505883,2.1505883,2.093489,P,19.89575385259626,24.009969837027885,combined_line_oiii
CEERS__source_id_fof_08003,ceers-v4,ceers-v4_prism-clear_1345_10264.spec.fits,10264,3.0,2.1685982,2.1685982,2.0901098,P,27.27438978760185,23.252793780453374,combined_line_oiii
CEERS__source_id_fof_08197,ceers-v4,ceers-v4_prism-clear_1345_18413.spec.fits,18413,3.0,2.1953268,2.1953268,2.2429693,P,21.039804787236925,32.696461553992094,combined_line_oiii
CEERS__source_id_fof_07821,ceers-ddt-v4,ceers-ddt-v4_prism-clear_2750_26492.spec.fits,26492,3.0,2.2074926,2.2074926,2.1595395,P,20.835251705119067,17.53600519925288,combined_line_oiii
CEERS__source_id_fof_06068,ceers-v4,ceers-v4_prism-clear_1345_18322.spec.fits,18322,3.0,2.21888735,2.21888735,2.308725,P,21.21943335752656,22.697796282587124,combined_line_oiii
CEERS__source_id_fof_08348,ceers-v4,ceers-v4_prism-clear_1345_28204.spec.fits,28204,3.0,2.2965922,2.2965922,2.1567852,P,19.252581824764004,20.88360411296778,combined_line_oiii
CEERS__source_id_fof_07800,ceers-ddt-v4,ceers-ddt-v4_prism-clear_2750_18745.spec.fits,18745,3.0,2.2972517,2.2972517,2.2836292,P,36.62568363708922,44.93021704481583,combined_line_oiii
CEERS__source_id_fof_08363,ceers-v4,ceers-v4_prism-clear_1345_2922.spec.fits,2922,3.0,2.3030498,2.3030498,1.6700985,P,49.57943933582648,16.087023120857,combined_line_oiii
CEERS__source_id_fof_07781,ceers-ddt-v4,ceers-ddt-v4_prism-clear_2750_13265.spec.fits,13265,3.0,2.308482,2.308482,2.3531046,P,9.468642103960514,8.364776214751464,combined_line_oiii
CEERS__source_id_fof_08484,ceers-v4,ceers-v4_prism-clear_1345_3877.spec.fits,3877,3.0,2.3157678,2.3157678,,P,31.216799196137735,39.346420637235276,combined_line_oiii
CEERS__source_id_fof_07789,ceers-ddt-v4,ceers-ddt-v4_prism-clear_2750_16248.spec.fits,16248,3.0,2.3177588,2.3177588,2.2755551,P,36.72787360190652,27.058227864935752,combined_line_oiii
CEERS__source_id_fof_08227,ceers-v4,ceers-v4_prism-clear_1345_20623.spec.fits,20623,3.0,2.3333886,2.3333886,2.3049066,P,27.44158876304471,34.61218601021455,combined_line_oiii
CEERS__source_id_fof_07807,ceers-ddt-v4,ceers-ddt-v4_prism-clear_2750_20850.spec.fits,20850,3.0,2.337057,2.337057,2.3250022,P,30.764924514383875,24.92005887335412,combined_line_oiii
CEERS__source_id_fof_08545,ceers-v4,ceers-v4_prism-clear_1345_4334.spec.fits,4334,3.0,2.3403962,2.3403962,2.3152819,P,27.224826043536815,23.707472898283825,combined_line_oiii
CEERS__source_id_fof_08207,ceers-v4,ceers-v4_prism-clear_1345_18908.spec.fits,18908,3.0,2.3417323,2.3417323,2.3542879,P,18.372902975619215,12.828630767710324,combined_line_oiii
CEERS__source_id_fof_08205,ceers-v4,ceers-v4_prism-clear_1345_18538.spec.fits,18538,3.0,2.3457446,2.3457446,2.3418481,P,37.98565213958547,52.01820289024099,combined_line_oiii
CEERS__source_id_fof_07840,ceers-ddt-v4,ceers-ddt-v4_prism-clear_2750_32325.spec.fits,32325,3.0,2.3534489,2.3534489,2.4368718,P,20.770789936183213,25.33916906935275,combined_line_oiii
CEERS__source_id_fof_08742,ceers-v4,ceers-v4_prism-clear_1345_8109.spec.fits,8109,3.0,2.3574753,2.3574753,2.366665,P,35.950379182864026,40.715648962986556,combined_line_oiii
CEERS__source_id_fof_08322,ceers-v4,ceers-v4_prism-clear_1345_26739.spec.fits,26739,3.0,2.3726184,2.3726184,0.054882526,P,38.78088893596606,39.54093411568202,combined_line_oiii
CEERS__source_id_fof_08282,ceers-v4,ceers-v4_prism-clear_1345_23897.spec.fits,23897,3.0,2.3800464,2.3800464,2.3557742,P,21.22078017996115,26.01056867421307,combined_line_oiii
CEERS__source_id_fof_08246,ceers-v4,ceers-v4_prism-clear_1345_21851.spec.fits,21851,3.0,2.3885062,2.3885062,2.6073613,P,11.533851872153484,14.99936961530594,combined_line_oiii
CEERS__source_id_fof_07813,ceers-ddt-v4,ceers-ddt-v4_prism-clear_2750_23063.spec.fits,23063,3.0,2.392915,2.392915,2.4363897,P,32.491144090233675,39.56025460952278,combined_line_oiii
CEERS__source_id_fof_08006,ceers-v4,ceers-v4_prism-clear_1345_10318.spec.fits,10318,3.0,2.4218771,2.4218771,2.4268644,P,43.31613596988178,53.83259057258498,combined_line_oiii
CEERS__source_id_fof_08274,ceers-v4,ceers-v4_prism-clear_1345_23275.spec.fits,23275,3.0,2.4279516,2.4279516,,P,20.792088792151002,28.060856463264045,combined_line_oiii
CEERS__source_id_fof_08232,ceers-v4,ceers-v4_prism-clear_1345_21234.spec.fits,21234,3.0,2.4669986,2.4669986,1.9813521,P,12.860836690315088,22.37136596342459,combined_line_oiii
CEERS__source_id_fof_08491,ceers-v4,ceers-v4_prism-clear_1345_3962.spec.fits,3962,3.0,2.5215085,2.5215085,2.5387955,P,28.087873574105394,20.718408148062384,combined_line_oiii
CEERS__source_id_fof_07830,ceers-ddt-v4,ceers-ddt-v4_prism-clear_2750_29325.spec.fits,29325,3.0,2.5497932,2.5497932,2.6147814,P,26.585412822349635,27.347950163384493,combined_line_oiii
CEERS__source_id_fof_08271,ceers-v4,ceers-v4_prism-clear_1345_23018.spec.fits,23018,3.0,2.6193314,2.6193314,2.7002313,P,11.42380656691391,10.440903698962943,combined_line_oiii
CEERS__source_id_fof_08438,ceers-v4,ceers-v4_prism-clear_1345_3527.spec.fits,3527,3.0,2.6542444,2.6542444,2.6163409,P,56.756437957529755,48.26896337421414,combined_line_oiii
CEERS__source_id_fof_08072,ceers-v4,ceers-v4_prism-clear_1345_12771.spec.fits,12771,3.0,2.6622922,2.6622922,0.27598953,P,18.853232776189515,14.969373834596748,combined_line_oiii
CEERS__source_id_fof_08152,ceers-v4,ceers-v4_prism-clear_1345_16384.spec.fits,16384,3.0,2.7028003,2.7028003,2.7227542,P,16.919638102505267,18.444754095168836,combined_line_oiii
CEERS__source_id_fof_08056,ceers-v4,ceers-v4_prism-clear_1345_1211.spec.fits,1211,3.0,2.70572,2.70572,4.1282253,P,8.636855259277253,8.740029176321217,combined_line_oiii
CEERS__source_id_fof_08147,ceers-v4,ceers-v4_prism-clear_1345_16207.spec.fits,16207,3.0,2.707246,2.707246,2.7231543,P,20.15840939516069,26.132368619710803,combined_line_oiii
CEERS__source_id_fof_08489,ceers-v4,ceers-v4_prism-clear_1345_3939.spec.fits,3939,3.0,2.7120686,2.7120686,2.7488422,P,34.729452355001484,14.66984250030276,combined_line_oiii
CEERS__source_id_fof_08682,ceers-v4,ceers-v4_prism-clear_1345_7975.spec.fits,7975,3.0,2.7409284666666665,2.7409284666666665,2.9601104,G,35.361300084451535,26.574050240893698,combined_line_oiii
CEERS__source_id_fof_07771,ceers-ddt-v4,ceers-ddt-v4_prism-clear_2750_11221.spec.fits,11221,3.0,2.7422588,2.7422588,-1.0,P,28.474040376191592,33.92752137989216,combined_line_oiii
CEERS__source_id_fof_08199,ceers-v4,ceers-v4_prism-clear_1345_18466.spec.fits,18466,3.0,2.7640266,2.7640266,2.7230327,P,20.796027209410266,22.544933683139888,combined_line_oiii
CEERS__source_id_fof_08180,ceers-v4,ceers-v4_prism-clear_1345_17578.spec.fits,17578,3.0,2.7776017,2.7776017,2.7896411,P,38.09782857634775,46.883208221571856,combined_line_oiii
CEERS__source_id_fof_08412,ceers-v4,ceers-v4_prism-clear_1345_3192.spec.fits,3192,3.0,2.8922575,2.8922575,2.8142285,P,32.01873592480971,15.778603539041677,combined_line_oiii
CEERS__source_id_fof_08805,ceers-v4,ceers-v4_prism-clear_1345_85788.spec.fits,85788,3.0,2.8926468,2.8926468,0.04725337,P,12.509755697334262,14.197841095853011,combined_line_oiii
CEERS__source_id_fof_07796,ceers-ddt-v4,ceers-ddt-v4_prism-clear_2750_18188.spec.fits,18188,3.0,2.8953724,2.8953724,2.8823633,P,49.80211884143104,45.72970945402342,combined_line_oiii
CEERS__source_id_fof_08256,ceers-v4,ceers-v4_prism-clear_1345_22274.spec.fits,22274,3.0,2.8977108,2.8977108,2.468065,P,19.357820135704262,24.62267536521732,combined_line_oiii
CEERS__source_id_fof_08250,ceers-v4,ceers-v4_prism-clear_1345_21951.spec.fits,21951,3.0,2.9305894,2.9305894,3.4094265,P,19.00065627274499,13.605405601682499,combined_line_oiii
CEERS__source_id_fof_07772,ceers-ddt-v4,ceers-ddt-v4_prism-clear_2750_11258.spec.fits,11258,3.0,2.9439757,2.9439757,3.347222,P,25.52923388585913,29.487625504049078,combined_line_oiii
CEERS__source_id_fof_08794,ceers-v4,ceers-v4_prism-clear_1345_84891.spec.fits,84891,3.0,2.9780397,2.9780397,3.340737,P,14.598933146866699,15.604371974200323,combined_line_oiii
CEERS__source_id_fof_05165,ceers-v4,ceers-v4_prism-clear_1345_12761.spec.fits,12761,3.0,3.0115744,3.0115744,2.9530656,P,9.208409084637108,8.491834174664877,combined_line_oiii
CEERS__source_id_fof_07790,ceers-ddt-v4,ceers-ddt-v4_prism-clear_2750_1636.spec.fits,1636,3.0,3.059214,3.059214,2.79808,P,50.09315013839604,31.076446931402998,combined_line_oiii
CEERS__source_id_fof_08304,ceers-v4,ceers-v4_prism-clear_1345_2552.spec.fits,2552,3.0,3.094274,3.094274,0.49032214,P,25.21687396503413,10.542469564419138,combined_line_oiii
CEERS__source_id_fof_07873,ceers-ddt-v4,ceers-ddt-v4_prism-clear_2750_7.spec.fits,7,3.0,3.0961308,3.0961308,0.28628725,P,9.11608175330016,14.078413721023816,combined_line_oiii
CEERS__source_id_fof_08807,ceers-v4,ceers-v4_prism-clear_1345_85815.spec.fits,85815,3.0,3.1895332,3.1895332,1.7024043,P,31.328782884802724,35.492236378392235,combined_line_oiii
CEERS__source_id_fof_07776,ceers-ddt-v4,ceers-ddt-v4_prism-clear_2750_12431.spec.fits,12431,3.0,3.212639,3.212639,3.1898315,P,42.91342120593322,50.51996090999188,combined_line_oiii
CEERS__source_id_fof_07775,ceers-ddt-v4,ceers-ddt-v4_prism-clear_2750_11518.spec.fits,11518,3.0,3.2175269,3.2175269,3.2916281,G,28.79639594007,27.72263668069704,combined_line_oiii
CEERS__source_id_fof_08078,ceers-v4,ceers-v4_prism-clear_1345_13656.spec.fits,13656,3.0,3.2202287,3.2202287,3.4662416,P,11.74887092925138,10.786652275090741,combined_line_oiii
CEERS__source_id_fof_08133,ceers-v4,ceers-v4_prism-clear_1345_15128.spec.fits,15128,3.0,3.230369,3.230369,3.0649352,P,11.90701139272702,12.716135043635086,combined_line_oiii
CEERS__source_id_fof_07773,ceers-ddt-v4,ceers-ddt-v4_prism-clear_2750_11318.spec.fits,11318,3.0,3.2346017,3.2346017,3.401563,P,16.538982450352233,29.153145544199464,combined_line_oiii
CEERS__source_id_fof_08791,ceers-v4,ceers-v4_prism-clear_1345_84733.spec.fits,84733,3.0,3.2418063,3.2418063,3.1971736,P,9.133122796558824,10.424228155253802,combined_line_oiii
CEERS__source_id_fof_08046,ceers-v4,ceers-v4_prism-clear_1345_11753.spec.fits,11753,3.0,3.2439282,3.2439282,3.3095713,P,16.204770847577674,20.026942383931207,combined_line_oiii
CEERS__source_id_fof_08739,ceers-v4,ceers-v4_prism-clear_1345_8105.spec.fits,8105,3.0,3.2519991,3.2519991,,P,23.034284891244983,11.171572510399136,combined_line_oiii
CEERS__source_id_fof_07783,ceers-ddt-v4,ceers-ddt-v4_prism-clear_2750_15057.spec.fits,15057,3.0,3.256679,3.256679,3.15052,P,37.23739094080146,43.35495430213292,combined_line_oiii
CEERS__source_id_fof_05121,ceers-ddt-v4,ceers-ddt-v4_prism-clear_2750_11315.spec.fits,11315,3.0,3.266904,3.266904,3.243581,G,29.84694065891878,36.55847518881947,combined_line_oiii
CEERS__source_id_fof_08062,ceers-v4,ceers-v4_prism-clear_1345_12361.spec.fits,12361,3.0,3.276733,3.276733,3.190788,P,45.008075957629444,57.47280479645414,combined_line_oiii
CEERS__source_id_fof_08118,ceers-v4,ceers-v4_prism-clear_1345_14667.spec.fits,14667,3.0,3.2981696,3.2981696,0.29047382,P,15.105479453780735,20.68360538234874,combined_line_oiii
CEERS__source_id_fof_08042,ceers-v4,ceers-v4_prism-clear_1345_11699.spec.fits,11699,3.0,3.300940433333333,3.300940433333333,3.336106,G,33.48006198875401,33.2452319636347,combined_line_oiii
CEERS__source_id_fof_07778,ceers-ddt-v4,ceers-ddt-v4_prism-clear_2750_12462.spec.fits,12462,3.0,3.3033307,3.3033307,3.3117769,P,48.710809049808525,53.48722697141466,combined_line_oiii
CEERS__source_id_fof_08302,ceers-v4,ceers-v4_prism-clear_1345_2549.spec.fits,2549,3.0,3.3084974,3.3084974,3.160062,P,28.27746097011962,9.81502486659227,combined_line_oiii
CEERS__source_id_fof_08262,ceers-v4,ceers-v4_prism-clear_1345_22576.spec.fits,22576,3.0,3.317123,3.317123,3.1919444,P,16.992353444054448,16.49713044090004,combined_line_oiii
CEERS__source_id_fof_07782,ceers-ddt-v4,ceers-ddt-v4_prism-clear_2750_14516.spec.fits,14516,3.0,3.3351518,3.3351518,3.335885,G,37.58903948432779,41.88531498320302,combined_line_oiii
CEERS__source_id_fof_08067,ceers-v4,ceers-v4_prism-clear_1345_12459.spec.fits,12459,3.0,3.33703,3.33703,3.3373184,G,30.97230861986885,36.51596063626364,combined_line_oiii
CEERS__source_id_fof_08011,ceers-v4,ceers-v4_prism-clear_1345_10593.spec.fits,10593,3.0,3.340246025,3.340246025,3.3497124,G,23.484476885198415,20.77555664577775,combined_line_oiii
CEERS__source_id_fof_08799,ceers-v4,ceers-v4_prism-clear_1345_85551.spec.fits,85551,3.0,3.34267,3.34267,3.4213848,P,16.108724524125925,16.672327705843845,combined_line_oiii
CEERS__source_id_fof_08130,ceers-v4,ceers-v4_prism-clear_1345_14935.spec.fits,14935,3.0,3.3496234,3.3496234,3.050783,P,27.823845751380432,37.50084257920931,combined_line_oiii
CEERS__source_id_fof_08261,ceers-v4,ceers-v4_prism-clear_1345_22546.spec.fits,22546,3.0,3.3539758,3.3539758,,P,12.401634111585812,10.611133210215211,combined_line_oiii
CEERS__source_id_fof_08802,ceers-v4,ceers-v4_prism-clear_1345_85630.spec.fits,85630,3.0,3.390703,3.390703,3.023921,P,10.625372341489342,11.36060386238512,combined_line_oiii
CEERS__source_id_fof_08786,ceers-v4,ceers-v4_prism-clear_1345_84603.spec.fits,84603,3.0,3.4149184,3.4149184,3.4083602,P,9.764125954146463,15.975727572644853,combined_line_oiii
CEERS__source_id_fof_08359,ceers-v4,ceers-v4_prism-clear_1345_29001.spec.fits,29001,3.0,3.4329324,3.4329324,0.84115434,P,12.821246565453674,13.880819010845308,combined_line_oiii
CEERS__source_id_fof_08277,ceers-v4,ceers-v4_prism-clear_1345_2348.spec.fits,2348,3.0,3.434943,3.434943,3.4231954,G,16.926804988962743,8.603108174026586,combined_line_oiii
CEERS__source_id_fof_08029,ceers-v4,ceers-v4_prism-clear_1345_11347.spec.fits,11347,3.0,3.4379354,3.4379354,3.5138867,P,53.190449397874865,52.80955756744176,combined_line_oiii
CEERS__source_id_fof_07765,ceers-ddt-v4,ceers-ddt-v4_prism-clear_2750_1034.spec.fits,1034,3.0,3.4386451,3.4386451,0.46696746,P,38.45560823414076,33.73214619899367,combined_line_oiii
CEERS__source_id_fof_08070,ceers-v4,ceers-v4_prism-clear_1345_12677.spec.fits,12677,3.0,3.4391168,3.4391168,3.4427555,G,15.506775171295148,17.553601510523063,combined_line_oiii
CEERS__source_id_fof_05090,ceers-v4,ceers-v4_prism-clear_1345_12913.spec.fits,12913,3.0,3.4425719,3.4425719,3.446013,P,27.280375057336684,25.58000752276684,combined_line_oiii
CEERS__source_id_fof_08314,ceers-v4,ceers-v4_prism-clear_1345_2617.spec.fits,2617,3.0,3.4463763,3.4463763,,P,42.75160599529355,16.319821176765515,combined_line_oiii
CEERS__source_id_fof_08782,ceers-v4,ceers-v4_prism-clear_1345_84534.spec.fits,84534,3.0,3.4606268,3.4606268,0.29372272,P,19.481023174401958,21.201428789464764,combined_line_oiii
CEERS__source_id_fof_08276,ceers-v4,ceers-v4_prism-clear_1345_2345.spec.fits,2345,3.0,3.4761345,3.4761345,3.527242,G,20.955958646080028,14.061314168011739,combined_line_oiii
CEERS__source_id_fof_08053,ceers-v4,ceers-v4_prism-clear_1345_12024.spec.fits,12024,3.0,3.4817877,3.4817877,3.6981435,G,42.38981827015439,34.70695470150168,combined_line_oiii
CEERS__source_id_fof_08076,ceers-v4,ceers-v4_prism-clear_1345_13282.spec.fits,13282,3.0,3.4825377,3.4825377,3.517617,P,32.67330960056713,40.898969748867714,combined_line_oiii
CEERS__source_id_fof_08798,ceers-v4,ceers-v4_prism-clear_1345_85534.spec.fits,85534,3.0,3.4879198,3.4879198,3.459593,P,24.122669904158208,23.4933317304236,combined_line_oiii
CEERS__source_id_fof_07769,ceers-ddt-v4,ceers-ddt-v4_prism-clear_2750_10863.spec.fits,10863,3.0,3.6011033,3.6011033,3.1317222,P,17.23547671346587,14.648438119763474,combined_line_oiii
CEERS__source_id_fof_08804,ceers-v4,ceers-v4_prism-clear_1345_85713.spec.fits,85713,3.0,3.6264474,3.6264474,3.709591,P,13.738853489347616,24.64436419804209,combined_line_oiii
CEERS__source_id_fof_08059,ceers-v4,ceers-v4_prism-clear_1345_12213.spec.fits,12213,3.0,3.627157933333333,3.627157933333333,3.8523571,G,16.518384756369613,13.97180009787071,combined_line_oiii
CEERS__source_id_fof_08329,ceers-v4,ceers-v4_prism-clear_1345_2695.spec.fits,2695,3.0,3.6361735,3.6361735,3.6764355,P,24.0755424950419,20.919003562808875,combined_line_oiii
CEERS__source_id_fof_08784,ceers-v4,ceers-v4_prism-clear_1345_84555.spec.fits,84555,3.0,3.6496382,3.6496382,0.4662715,P,46.14597962005039,60.751275760639594,combined_line_oiii
CEERS__source_id_fof_08328,ceers-v4,ceers-v4_prism-clear_1345_2693.spec.fits,2693,3.0,3.6687928,3.6687928,3.8115976,G,32.63514721837804,22.18137774182857,combined_line_oiii
CEERS__source_id_fof_08025,ceers-v4,ceers-v4_prism-clear_1345_11150.spec.fits,11150,3.0,3.6808953,3.6808953,3.6681435,P,19.764727168886637,20.051299579754588,combined_line_oiii
CEERS__source_id_fof_08035,ceers-v4,ceers-v4_prism-clear_1345_11495.spec.fits,11495,3.0,3.71943355,3.71943355,3.7047293,G,52.37274692966433,61.30200321918461,combined_line_oiii
CEERS__source_id_fof_07787,ceers-ddt-v4,ceers-ddt-v4_prism-clear_2750_1598.spec.fits,1598,3.0,3.762704,3.762704,4.026656,G,51.734597206936925,35.21224879556087,combined_line_oiii
CEERS__source_id_fof_08039,ceers-v4,ceers-v4_prism-clear_1345_11624.spec.fits,11624,3.0,3.778321,3.778321,3.8096704,P,32.66086812754868,44.872631134752325,combined_line_oiii
CEERS__source_id_fof_07902,ceers-ddt-v4,ceers-ddt-v4_prism-clear_2750_9932.spec.fits,9932,3.0,3.8452036,3.8452036,3.8561897,P,31.482345522173,39.571548407652706,combined_line_oiii
CEERS__source_id_fof_05968,ceers-v4,ceers-v4_prism-clear_1345_11998.spec.fits,128,3.0,3.8605752,3.8605752,4.030436,G,41.08495885694711,48.213503573725305,combined_line_oiii
CEERS__source_id_fof_08452,ceers-v4,ceers-v4_prism-clear_1345_3587.spec.fits,3587,3.0,3.9287715,3.9287715,4.0234504,P,17.776335316005085,26.79766099897102,combined_line_oiii
CEERS__source_id_fof_08079,ceers-v4,ceers-v4_prism-clear_1345_13692.spec.fits,13692,3.0,4.216305,4.216305,0.6797685,P,20.81448135926033,16.78922774278792,individual_4959_5007
CEERS__source_id_fof_06375,ceers-v4,ceers-v4_prism-clear_1345_80457.spec.fits,80457,3.0,4.22463,4.22463,4.661513,G,50.1864773500363,9.03108760941609,individual_4959_5007
CEERS__source_id_fof_08830,ceers-v4,ceers-v4_prism-clear_1345_933.spec.fits,933,3.0,4.22518,4.22518,4.3315554,P,38.17075591553519,46.26847157668878,individual_4959_5007
CEERS__source_id_fof_07896,ceers-ddt-v4,ceers-ddt-v4_prism-clear_2750_9467.spec.fits,9467,3.0,4.2251806,4.2251806,0.6788434,P,17.864943908702003,12.825489176539826,individual_4959_5007
CEERS__source_id_fof_08770,ceers-v4,ceers-v4_prism-clear_1345_83502.spec.fits,83502,3.0,4.2508464,4.2508464,3.0063944,P,22.98096935074412,12.584733677567607,individual_4959_5007
CEERS__source_id_fof_07786,ceers-ddt-v4,ceers-ddt-v4_prism-clear_2750_1586.spec.fits,1586,3.0,4.2946095,4.2946095,4.2839503,P,58.831916087415195,46.239260028519546,individual_4959_5007
CEERS__source_id_fof_08779,ceers-v4,ceers-v4_prism-clear_1345_83779.spec.fits,83779,3.0,4.29461,4.29461,4.681002,P,24.194713365047306,34.5951972321306,individual_4959_5007
CEERS__source_id_fof_08744,ceers-v4,ceers-v4_prism-clear_1345_82043.spec.fits,82043,3.0,4.309456,4.309456,4.488628,P,27.264155903648618,30.91072844903637,individual_4959_5007
CEERS__source_id_fof_04715,ceers-ddt-v4,ceers-ddt-v4_prism-clear_2750_9020.spec.fits,9020,3.0,4.39775755,4.39775755,4.284011,P,12.228155762100863,10.792445296437345,individual_4959_5007
CEERS__source_id_fof_07841,ceers-ddt-v4,ceers-ddt-v4_prism-clear_2750_3234.spec.fits,3234,3.0,4.468418,4.468418,0.7913988,P,32.16213817243271,40.603034038841294,individual_4959_5007
CEERS__source_id_fof_08020,ceers-v4,ceers-v4_prism-clear_1345_10995.spec.fits,10995,3.0,4.4799137,4.4799137,4.121752,P,47.18506617984171,33.846692722203336,individual_4959_5007
CEERS__source_id_fof_08063,ceers-v4,ceers-v4_prism-clear_1345_1236.spec.fits,1236,3.0,4.482776333333333,4.482776333333333,4.214822,G,13.879925130441372,13.351941828218303,individual_4959_5007
CEERS__source_id_fof_08752,ceers-v4,ceers-v4_prism-clear_1345_82145.spec.fits,82145,3.0,4.4864936,4.4864936,3.8337622,P,15.621769195370327,13.708145898162233,individual_4959_5007
CEERS__source_id_fof_08094,ceers-v4,ceers-v4_prism-clear_1345_1400.spec.fits,1400,3.0,4.4892373,4.4892373,4.1590466,G,24.514756373629364,33.23030394431569,individual_4959_5007
CEERS__source_id_fof_08767,ceers-v4,ceers-v4_prism-clear_1345_83398.spec.fits,83398,3.0,4.547733,4.547733,4.026724,P,10.567156683065354,11.123968456543514,individual_4959_5007
CEERS__source_id_fof_08780,ceers-v4,ceers-v4_prism-clear_1345_83856.spec.fits,83856,3.0,4.55606,4.55606,3.9538999,P,32.20998590696343,24.59111493053957,individual_4959_5007
CEERS__source_id_fof_08135,ceers-v4,ceers-v4_prism-clear_1345_1534.spec.fits,1534,3.0,4.5846653,4.5846653,4.543672,G,33.84687874527345,40.63461813724554,individual_4959_5007
CEERS__source_id_fof_08215,ceers-v4,ceers-v4_prism-clear_1345_1953.spec.fits,1953,3.0,4.6013594,4.6013594,4.732148,P,18.441458008939772,18.64919854460318,individual_4959_5007
CEERS__source_id_fof_08449,ceers-v4,ceers-v4_prism-clear_1345_3584.spec.fits,3584,3.0,4.636083,4.636083,4.6090403,P,42.457173913505,52.76977366713176,individual_4959_5007
CEERS__source_id_fof_08223,ceers-v4,ceers-v4_prism-clear_1345_2036.spec.fits,2036,3.0,4.641722,4.641722,4.591006,P,15.17960154783653,17.95958257134926,individual_4959_5007
CEERS__source_id_fof_08757,ceers-v4,ceers-v4_prism-clear_1345_82300.spec.fits,82300,3.0,4.7126856,4.7126856,4.5376735,P,16.238377530358104,17.221916993778397,individual_4959_5007
CEERS__source_id_fof_06111,ceers-v4,ceers-v4_prism-clear_1345_80932.spec.fits,80932,3.0,4.72351765,4.72351765,5.404255,P,12.390537289258024,8.589557614630838,individual_4959_5007
CEERS__source_id_fof_08112,ceers-v4,ceers-v4_prism-clear_1345_1449.spec.fits,1449,3.0,4.7509193,4.7509193,4.5932493,G,54.256661568353245,59.75436729967287,individual_4959_5007
CEERS__source_id_fof_08221,ceers-v4,ceers-v4_prism-clear_1345_2000.spec.fits,2000,3.0,4.7990246,4.7990246,4.788159,G,42.42314367298337,54.384644829418924,individual_4959_5007
CEERS__source_id_fof_08769,ceers-v4,ceers-v4_prism-clear_1345_83439.spec.fits,83439,3.0,4.8269253,4.8269253,0.5170773,P,14.806831141414033,15.1708534278867,individual_4959_5007
CEERS__source_id_fof_07838,ceers-ddt-v4,ceers-ddt-v4_prism-clear_2750_3149.spec.fits,3149,3.0,4.889607,4.889607,4.8434176,P,58.96406453994433,71.96787888499485,individual_4959_5007
CEERS__source_id_fof_07806,ceers-ddt-v4,ceers-ddt-v4_prism-clear_2750_2015.spec.fits,2015,3.0,4.8925524,4.8925524,17.914907,P,34.83129052450317,15.316933081481778,individual_4959_5007
CEERS__source_id_fof_07824,ceers-ddt-v4,ceers-ddt-v4_prism-clear_2750_2763.spec.fits,2763,3.0,4.8990383,4.8990383,4.880022,P,48.853602861588094,54.42721615297682,individual_4959_5007
CEERS__source_id_fof_08810,ceers-v4,ceers-v4_prism-clear_1345_85836.spec.fits,85836,3.0,4.9845986,4.9845986,0.43194327,P,12.607029541298411,18.480604956900283,individual_4959_5007
CEERS__source_id_fof_08760,ceers-v4,ceers-v4_prism-clear_1345_82507.spec.fits,82507,3.0,4.9866304,4.9866304,4.952182,G,29.08077747730252,46.290551296185974,individual_4959_5007
CEERS__source_id_fof_08045,ceers-v4,ceers-v4_prism-clear_1345_1173.spec.fits,1173,3.0,4.9947506666666674,4.9947506666666674,4.6494794,G,30.607288612681277,35.29458909756973,individual_4959_5007
CEERS__source_id_fof_08080,ceers-v4,ceers-v4_prism-clear_1345_1374.spec.fits,1374,3.0,5.0007787,5.0007787,5.0558467,G,40.83695262895505,59.72682880778698,individual_4959_5007
CEERS__source_id_fof_08030,ceers-v4,ceers-v4_prism-clear_1345_11383.spec.fits,11383,3.0,5.0657353,5.0657353,5.2618804,G,21.296776346349507,18.976620615381368,individual_4959_5007
CEERS__source_id_fof_07794,ceers-ddt-v4,ceers-ddt-v4_prism-clear_2750_1768.spec.fits,1768,3.0,5.0884247,5.0884247,5.3155317,P,60.05384232794403,24.465654814879947,individual_4959_5007
CEERS__source_id_fof_08210,ceers-v4,ceers-v4_prism-clear_1345_1912.spec.fits,1912,3.0,5.088425,5.088425,5.1581206,P,16.79397337354259,22.762608982407496,individual_4959_5007
CEERS__source_id_fof_08745,ceers-v4,ceers-v4_prism-clear_1345_82052.spec.fits,82052,3.0,5.148999,5.148999,3.5183918,P,13.27507841234856,19.29754166654013,individual_4959_5007
CEERS__source_id_fof_08474,ceers-v4,ceers-v4_prism-clear_1345_37697.spec.fits,37697,3.0,5.1520743,5.1520743,5.205268,P,9.573056613214327,11.429477195005948,individual_4959_5007
CEERS__source_id_fof_08156,ceers-v4,ceers-v4_prism-clear_1345_1672.spec.fits,1672,3.0,5.2033496,5.2033496,5.207236,P,33.73142326623337,21.39563534253202,individual_4959_5007
CEERS__source_id_fof_05224,ceers-v4,ceers-v4_prism-clear_1345_2782.spec.fits,2782,3.0,5.2394332,5.2394332,5.124868,G,39.535667321430886,43.53580218098976,individual_4959_5007
CEERS__source_id_fof_08747,ceers-v4,ceers-v4_prism-clear_1345_82069.spec.fits,82069,3.0,5.2467585,5.2467585,0.29410616,P,12.534852250477126,10.453947880569608,individual_4959_5007
CEERS__source_id_fof_08405,ceers-v4,ceers-v4_prism-clear_1345_314.spec.fits,314,3.0,5.26813,5.26813,5.534396,P,9.133338503056283,15.680040618178362,individual_4959_5007
CEERS__source_id_fof_08116,ceers-v4,ceers-v4_prism-clear_1345_1465.spec.fits,1465,3.0,5.2682698,5.2682698,5.265817,G,13.08836769229567,22.83425102843122,individual_4959_5007
CEERS__source_id_fof_08734,ceers-v4,ceers-v4_prism-clear_1345_81022.spec.fits,81022,3.0,5.2838907,5.2838907,5.4693913,P,10.164287025894915,18.32307265693149,individual_4959_5007
CEERS__source_id_fof_08231,ceers-v4,ceers-v4_prism-clear_1345_2116.spec.fits,2116,3.0,5.2851467,5.2851467,5.21544,P,26.63551144590494,43.98927422127959,individual_4959_5007
CEERS__source_id_fof_08778,ceers-v4,ceers-v4_prism-clear_1345_83772.spec.fits,83772,3.0,5.2893763,5.2893763,1.1440554,P,15.751883421873117,23.79119885611301,individual_4959_5007
CEERS__source_id_fof_05563,ceers-v4,ceers-v4_prism-clear_1345_2362.spec.fits,2362,3.0,5.3148503,5.3148503,,G,27.45815102222053,21.211888690399178,individual_4959_5007
CEERS__source_id_fof_08736,ceers-v4,ceers-v4_prism-clear_1345_81032.spec.fits,81032,3.0,5.4166055,5.4166055,5.520741,P,17.233693406600803,23.49719804699189,individual_4959_5007
CEERS__source_id_fof_08735,ceers-v4,ceers-v4_prism-clear_1345_81026.spec.fits,81026,3.0,5.419815,5.419815,,P,13.721619504772718,29.46787291898472,individual_4959_5007
CEERS__source_id_fof_08719,ceers-v4,ceers-v4_prism-clear_1345_80573.spec.fits,80573,3.0,5.433311,5.433311,5.459392,P,14.548310888188864,21.495435328511686,individual_4959_5007
CEERS__source_id_fof_08721,ceers-v4,ceers-v4_prism-clear_1345_80576.spec.fits,80576,3.0,5.4371715,5.4371715,6.7020965,P,17.92563374194156,28.180397022854596,individual_4959_5007
CEERS__source_id_fof_08179,ceers-v4,ceers-v4_prism-clear_1345_1756.spec.fits,1756,3.0,5.4429684,5.4429684,5.532439,P,8.215875655184139,18.167119227773686,individual_4959_5007
CEERS__source_id_fof_08479,ceers-v4,ceers-v4_prism-clear_1345_381.spec.fits,381,3.0,5.5085883,5.5085883,4.883389,G,12.461613155049136,12.174101036281105,individual_4959_5007
CEERS__source_id_fof_08669,ceers-v4,ceers-v4_prism-clear_1345_746.spec.fits,746,3.0,5.622496666666667,5.622496666666667,5.619818,G,30.200234615343817,12.273408937674008,individual_4959_5007
CEERS__source_id_fof_08610,ceers-v4,ceers-v4_prism-clear_1345_545.spec.fits,545,3.0,5.6604652,5.6604652,5.94838,G,32.94725601165066,48.75711327652047,individual_4959_5007
CEERS__source_id_fof_08418,ceers-v4,ceers-v4_prism-clear_1345_323.spec.fits,323,3.0,5.6655731,5.6655731,5.652982,G,28.312245951024924,36.491723499567335,individual_4959_5007
CEERS__source_id_fof_08727,ceers-v4,ceers-v4_prism-clear_1345_80916.spec.fits,80916,3.0,5.6751347,5.6751347,6.0656657,P,35.15626835394205,48.50164256539224,individual_4959_5007
CEERS__source_id_fof_08775,ceers-v4,ceers-v4_prism-clear_1345_83592.spec.fits,83592,3.0,5.7375026,5.7375026,6.277689,P,11.404340789426726,20.081584848319476,individual_4959_5007
CEERS__source_id_fof_08501,ceers-v4,ceers-v4_prism-clear_1345_403.spec.fits,403,3.0,5.757223066666666,5.757223066666666,6.0209646,G,26.256945419462404,32.94870717980816,individual_4959_5007
CEERS__source_id_fof_07814,ceers-ddt-v4,ceers-ddt-v4_prism-clear_2750_2315.spec.fits,2315,3.0,5.767215,5.767215,5.6795745,P,25.7829374306057,37.734147568801255,individual_4959_5007
CEERS__source_id_fof_08494,ceers-v4,ceers-v4_prism-clear_1345_397.spec.fits,397,3.0,6.0002672,6.0002672,6.276807,G,50.85740525113718,72.16318600456489,individual_4959_5007
CEERS__source_id_fof_08457,ceers-v4,ceers-v4_prism-clear_1345_362.spec.fits,362,3.0,6.0455,6.0455,6.0697494,G,11.905914532445202,20.939577113564884,individual_4959_5007
CEERS__source_id_fof_05963,ceers-v4,ceers-v4_prism-clear_1345_618.spec.fits,618,3.0,6.047697833333333,6.047697833333333,6.2779593,G,18.22187034538192,30.99649581146482,individual_4959_5007
CEERS__source_id_fof_08623,ceers-v4,ceers-v4_prism-clear_1345_603.spec.fits,603,3.0,6.055216000000001,6.055216000000001,6.2781096,G,25.698831641330187,39.16268898506325,individual_4959_5007
CEERS__source_id_fof_08740,ceers-v4,ceers-v4_prism-clear_1345_81063.spec.fits,81063,3.0,6.0935736,6.0935736,6.5437627,P,18.071006380088498,37.89175841241184,individual_4959_5007
CEERS__source_id_fof_08442,ceers-v4,ceers-v4_prism-clear_1345_355.spec.fits,355,3.0,6.096964766666667,6.096964766666667,6.3083735,G,22.87536288811304,38.39380880470986,individual_4959_5007
CEERS__source_id_fof_08016,ceers-v4,ceers-v4_prism-clear_1345_1065.spec.fits,1065,3.0,6.194302,6.194302,6.950604,P,23.67281718851628,43.94944210305573,individual_4959_5007
CEERS__source_id_fof_07856,ceers-ddt-v4,ceers-ddt-v4_prism-clear_2750_617.spec.fits,617,3.0,6.2279534,6.2279534,6.602812,G,17.473471485570087,28.66049533676578,individual_4959_5007
CEERS__source_id_fof_08741,ceers-v4,ceers-v4_prism-clear_1345_81068.spec.fits,81068,3.0,6.2702403,6.2702403,6.590834,P,16.77391675267646,30.424069513676145,individual_4959_5007
CEERS__source_id_fof_07864,ceers-ddt-v4,ceers-ddt-v4_prism-clear_2750_663.spec.fits,663,3.0,6.5336237,6.5336237,6.576329,G,12.61496869621406,29.283587549425995,individual_4959_5007
CEERS__source_id_fof_07863,ceers-ddt-v4,ceers-ddt-v4_prism-clear_2750_662.spec.fits,662,3.0,6.5374913,6.5374913,6.445488,P,15.751094281788367,25.090106219520624,individual_4959_5007
CEERS__source_id_fof_07870,ceers-ddt-v4,ceers-ddt-v4_prism-clear_2750_781.spec.fits,781,3.0,6.585126,6.585126,6.529331,P,13.667188196555701,26.563158360369435,individual_4959_5007
CEERS__source_id_fof_08737,ceers-v4,ceers-v4_prism-clear_1345_81049.spec.fits,81049,3.0,6.733714,6.733714,6.671928,P,26.160666064503555,51.10590556053575,individual_4959_5007
CEERS__source_id_fof_07852,ceers-ddt-v4,ceers-ddt-v4_prism-clear_2750_445.spec.fits,445,3.0,6.976417,6.976417,6.9553003,P,25.32709059784619,61.59832669750092,individual_4959_5007
CEERS__source_id_fof_08605,ceers-v4,ceers-v4_prism-clear_1345_535.spec.fits,37,3.0,7.107932266666668,7.107932266666668,7.1457634,G,8.695724956361012,21.69074310165638,individual_4959_5007
CEERS__source_id_fof_08766,ceers-v4,ceers-v4_prism-clear_1345_829.spec.fits,829,3.0,7.1625752,7.1625752,7.317489,G,8.807034916468046,13.957083480254944,individual_4959_5007
CEERS__source_id_fof_08553,ceers-v4,ceers-v4_prism-clear_1345_439.spec.fits,439,3.0,7.183249,7.183249,7.2798176,P,8.759327379357266,27.459361701250234,individual_4959_5007
CEERS__source_id_fof_07931,ceers-ddt-v4,ceers-ddt-v4_prism-clear_2750_b209.spec.fits,0,,16.302923,-1.0,16.302923,,46.32065868805045,52.34118634992678,individual_4959_5007
