distance_group,srcid,grade,z_use,href
CEERS__source_id_fof_08138,1558,3.0,6.4347,sources/source_0000_CEERS__source_id_fof_08138.html
CEERS__source_id_fof_08424,3382,3.0,5.8701,sources/source_0001_CEERS__source_id_fof_08424.html
CEERS__source_id_fof_08542,4317,3.0,0.2841,sources/source_0002_CEERS__source_id_fof_08542.html
CEERS__source_id_fof_08387,3051,3.0,0.4624,sources/source_0003_CEERS__source_id_fof_08387.html
CEERS__source_id_fof_08566,45820,3.0,0.5048,sources/source_0004_CEERS__source_id_fof_08566.html
CEERS__source_id_fof_05961,5020,3.0,0.5091,sources/source_0005_CEERS__source_id_fof_05961.html
CEERS__source_id_fof_08499,40191,3.0,0.5385,sources/source_0006_CEERS__source_id_fof_08499.html
CEERS__source_id_fof_08668,7468,3.0,0.5414,sources/source_0007_CEERS__source_id_fof_08668.html
CEERS__source_id_fof_08666,7398,3.0,0.6469,sources/source_0008_CEERS__source_id_fof_08666.html
CEERS__source_id_fof_08546,43440,3.0,0.6469,sources/source_0009_CEERS__source_id_fof_08546.html
CEERS__source_id_fof_08587,4992,3.0,0.6533,sources/source_0010_CEERS__source_id_fof_08587.html
CEERS__source_id_fof_08663,7365,3.0,0.6579,sources/source_0011_CEERS__source_id_fof_08663.html
CEERS__source_id_fof_08664,7386,3.0,0.6658,sources/source_0012_CEERS__source_id_fof_08664.html
CEERS__source_id_fof_08675,7609,3.0,0.6683,sources/source_0013_CEERS__source_id_fof_08675.html
CEERS__source_id_fof_08550,4377,3.0,0.6698,sources/source_0014_CEERS__source_id_fof_08550.html
CEERS__source_id_fof_08560,156,3.0,0.6714,sources/source_0015_CEERS__source_id_fof_08560.html
CEERS__source_id_fof_08382,3027,3.0,0.6783,sources/source_0016_CEERS__source_id_fof_08382.html
CEERS__source_id_fof_08676,7662,3.0,0.6915,sources/source_0017_CEERS__source_id_fof_08676.html
CEERS__source_id_fof_07869,77416,3.0,0.6932,sources/source_0018_CEERS__source_id_fof_07869.html
CEERS__source_id_fof_08585,4985,3.0,0.7122,sources/source_0019_CEERS__source_id_fof_08585.html
CEERS__source_id_fof_08660,7299,3.0,0.7169,sources/source_0020_CEERS__source_id_fof_08660.html
CEERS__source_id_fof_07862,6623,3.0,0.7305,sources/source_0021_CEERS__source_id_fof_07862.html
CEERS__source_id_fof_08514,41002,3.0,0.7407,sources/source_0022_CEERS__source_id_fof_08514.html
CEERS__source_id_fof_08507,40686,3.0,0.7457,sources/source_0023_CEERS__source_id_fof_08507.html
CEERS__source_id_fof_08495,39974,3.0,0.7459,sources/source_0024_CEERS__source_id_fof_08495.html
CEERS__source_id_fof_08659,7244,3.0,0.7471,sources/source_0025_CEERS__source_id_fof_08659.html
CEERS__source_id_fof_08375,3002,3.0,0.7477,sources/source_0026_CEERS__source_id_fof_08375.html
CEERS__source_id_fof_08012,70,3.0,0.7536,sources/source_0027_CEERS__source_id_fof_08012.html
CEERS__source_id_fof_07861,6589,3.0,0.7671,sources/source_0028_CEERS__source_id_fof_07861.html
CEERS__source_id_fof_08521,41560,3.0,0.8257,sources/source_0029_CEERS__source_id_fof_08521.html
CEERS__source_id_fof_08541,43115,3.0,0.8292,sources/source_0030_CEERS__source_id_fof_08541.html
CEERS__source_id_fof_08506,40660,3.0,0.8750,sources/source_0031_CEERS__source_id_fof_08506.html
CEERS__source_id_fof_08544,43270,3.0,0.9195,sources/source_0032_CEERS__source_id_fof_08544.html
CEERS__source_id_fof_07859,6438,3.0,0.9458,sources/source_0033_CEERS__source_id_fof_07859.html
CEERS__source_id_fof_07846,37253,3.0,0.9491,sources/source_0034_CEERS__source_id_fof_07846.html
CEERS__source_id_fof_08556,44309,3.0,0.9516,sources/source_0035_CEERS__source_id_fof_08556.html
CEERS__source_id_fof_08567,45901,3.0,0.9536,sources/source_0036_CEERS__source_id_fof_08567.html
CEERS__source_id_fof_07858,6382,3.0,0.9546,sources/source_0037_CEERS__source_id_fof_07858.html
CEERS__source_id_fof_08652,7065,3.0,0.9558,sources/source_0038_CEERS__source_id_fof_08652.html
CEERS__source_id_fof_08650,6959,3.0,0.9840,sources/source_0039_CEERS__source_id_fof_08650.html
CEERS__source_id_fof_08654,7126,3.0,0.9929,sources/source_0040_CEERS__source_id_fof_08654.html
CEERS__source_id_fof_08581,4906,3.0,1.0058,sources/source_0041_CEERS__source_id_fof_08581.html
CEERS__source_id_fof_08498,40141,3.0,1.0240,sources/source_0042_CEERS__source_id_fof_08498.html
CEERS__source_id_fof_08326,26912,3.0,1.0395,sources/source_0043_CEERS__source_id_fof_08326.html
CEERS__source_id_fof_08679,7808,3.0,1.0468,sources/source_0044_CEERS__source_id_fof_08679.html
CEERS__source_id_fof_07843,36123,3.0,1.0794,sources/source_0045_CEERS__source_id_fof_07843.html
CEERS__source_id_fof_08427,34103,3.0,1.1085,sources/source_0046_CEERS__source_id_fof_08427.html
CEERS__source_id_fof_08333,27278,3.0,1.1584,sources/source_0047_CEERS__source_id_fof_08333.html
CEERS__source_id_fof_08399,31242,3.0,1.1649,sources/source_0048_CEERS__source_id_fof_08399.html
CEERS__source_id_fof_08448,35749,3.0,1.1821,sources/source_0049_CEERS__source_id_fof_08448.html
CEERS__source_id_fof_08356,28773,3.0,1.1828,sources/source_0050_CEERS__source_id_fof_08356.html
CEERS__source_id_fof_08680,240,3.0,1.1946,sources/source_0051_CEERS__source_id_fof_08680.html
CEERS__source_id_fof_08293,24669,3.0,1.2069,sources/source_0052_CEERS__source_id_fof_08293.html
CEERS__source_id_fof_06393,26574,3.0,1.2133,sources/source_0053_CEERS__source_id_fof_06393.html
CEERS__source_id_fof_08647,6833,3.0,1.2311,sources/source_0054_CEERS__source_id_fof_08647.html
CEERS__source_id_fof_08677,7668,3.0,1.2394,sources/source_0055_CEERS__source_id_fof_08677.html
CEERS__source_id_fof_08341,27738,3.0,1.2668,sources/source_0056_CEERS__source_id_fof_08341.html
CEERS__source_id_fof_08278,23542,3.0,1.2771,sources/source_0057_CEERS__source_id_fof_08278.html
CEERS__source_id_fof_08010,10588,3.0,1.3259,sources/source_0058_CEERS__source_id_fof_08010.html
CEERS__source_id_fof_08678,7719,3.0,1.3553,sources/source_0059_CEERS__source_id_fof_08678.html
CEERS__source_id_fof_06129,25021,3.0,1.3581,sources/source_0060_CEERS__source_id_fof_06129.html
CEERS__source_id_fof_08298,24977,3.0,1.3684,sources/source_0061_CEERS__source_id_fof_08298.html
CEERS__source_id_fof_08305,25543,3.0,1.3843,sources/source_0062_CEERS__source_id_fof_08305.html
CEERS__source_id_fof_04393,176,3.0,1.3863,sources/source_0063_CEERS__source_id_fof_04393.html
CEERS__source_id_fof_08430,34459,3.0,1.3907,sources/source_0064_CEERS__source_id_fof_08430.html
CEERS__source_id_fof_07839,31852,3.0,1.3957,sources/source_0065_CEERS__source_id_fof_07839.html
CEERS__source_id_fof_08482,3855,3.0,1.3970,sources/source_0066_CEERS__source_id_fof_08482.html
CEERS__source_id_fof_08634,6488,3.0,1.4000,sources/source_0067_CEERS__source_id_fof_08634.html
CEERS__source_id_fof_08639,6639,3.0,1.4008,sources/source_0068_CEERS__source_id_fof_08639.html
CEERS__source_id_fof_08336,27555,3.0,1.4022,sources/source_0069_CEERS__source_id_fof_08336.html
CEERS__source_id_fof_08738,8104,3.0,1.4044,sources/source_0070_CEERS__source_id_fof_08738.html
CEERS__source_id_fof_08392,30771,3.0,1.4520,sources/source_0071_CEERS__source_id_fof_08392.html
CEERS__source_id_fof_07825,27920,3.0,1.5158,sources/source_0072_CEERS__source_id_fof_07825.html
CEERS__source_id_fof_08357,111,3.0,1.5310,sources/source_0073_CEERS__source_id_fof_08357.html
CEERS__source_id_fof_07854,4583,3.0,1.5335,sources/source_0074_CEERS__source_id_fof_07854.html
CEERS__source_id_fof_08416,32169,3.0,1.5350,sources/source_0075_CEERS__source_id_fof_08416.html
CEERS__source_id_fof_07855,5336,3.0,1.5429,sources/source_0076_CEERS__source_id_fof_07855.html
CEERS__source_id_fof_08821,9117,3.0,1.5439,sources/source_0077_CEERS__source_id_fof_08821.html
CEERS__source_id_fof_06027,3141,3.0,1.5523,sources/source_0078_CEERS__source_id_fof_06027.html
CEERS__source_id_fof_08478,3818,3.0,1.5692,sources/source_0079_CEERS__source_id_fof_08478.html
CEERS__source_id_fof_07826,28105,3.0,1.5733,sources/source_0080_CEERS__source_id_fof_07826.html
CEERS__source_id_fof_08832,9433,3.0,1.5777,sources/source_0081_CEERS__source_id_fof_08832.html
CEERS__source_id_fof_07791,17161,3.0,1.5818,sources/source_0082_CEERS__source_id_fof_07791.html
CEERS__source_id_fof_08294,24702,3.0,1.5849,sources/source_0083_CEERS__source_id_fof_08294.html
CEERS__source_id_fof_08837,9751,3.0,1.5981,sources/source_0084_CEERS__source_id_fof_08837.html
CEERS__source_id_fof_08455,35954,3.0,1.5997,sources/source_0085_CEERS__source_id_fof_08455.html
CEERS__source_id_fof_08433,34698,3.0,1.6567,sources/source_0086_CEERS__source_id_fof_08433.html
CEERS__source_id_fof_08283,23963,3.0,1.6853,sources/source_0087_CEERS__source_id_fof_08283.html
CEERS__source_id_fof_08604,5351,3.0,1.6899,sources/source_0088_CEERS__source_id_fof_08604.html
CEERS__source_id_fof_08317,26472,3.0,1.6939,sources/source_0089_CEERS__source_id_fof_08317.html
CEERS__source_id_fof_08312,26071,3.0,1.6966,sources/source_0090_CEERS__source_id_fof_08312.html
CEERS__source_id_fof_08607,5409,3.0,1.6982,sources/source_0091_CEERS__source_id_fof_08607.html
CEERS__source_id_fof_08362,2919,3.0,1.7180,sources/source_0092_CEERS__source_id_fof_08362.html
CEERS__source_id_fof_08762,8286,3.0,1.7183,sources/source_0093_CEERS__source_id_fof_08762.html
CEERS__source_id_fof_08372,29884,3.0,1.7297,sources/source_0094_CEERS__source_id_fof_08372.html
CEERS__source_id_fof_08303,25510,3.0,1.7436,sources/source_0095_CEERS__source_id_fof_08303.html
CEERS__source_id_fof_08573,4745,3.0,1.7618,sources/source_0096_CEERS__source_id_fof_08573.html
CEERS__source_id_fof_08296,277,3.0,1.7665,sources/source_0097_CEERS__source_id_fof_08296.html
CEERS__source_id_fof_08698,80077,3.0,1.7912,sources/source_0098_CEERS__source_id_fof_08698.html
CEERS__source_id_fof_08300,25177,3.0,1.7966,sources/source_0099_CEERS__source_id_fof_08300.html
CEERS__source_id_fof_08743,8195,3.0,1.8055,sources/source_0100_CEERS__source_id_fof_08743.html
CEERS__source_id_fof_08839,9780,3.0,1.8069,sources/source_0101_CEERS__source_id_fof_08839.html
CEERS__source_id_fof_08436,35030,3.0,1.8086,sources/source_0102_CEERS__source_id_fof_08436.html
CEERS__source_id_fof_08289,24524,3.0,1.8142,sources/source_0103_CEERS__source_id_fof_08289.html
CEERS__source_id_fof_07816,24210,3.0,1.8201,sources/source_0104_CEERS__source_id_fof_07816.html
CEERS__source_id_fof_08212,19334,3.0,1.8419,sources/source_0105_CEERS__source_id_fof_08212.html
CEERS__source_id_fof_07822,26827,3.0,1.8485,sources/source_0106_CEERS__source_id_fof_07822.html
CEERS__source_id_fof_08713,80387,3.0,1.8745,sources/source_0107_CEERS__source_id_fof_08713.html
CEERS__source_id_fof_08286,24222,3.0,1.9055,sources/source_0108_CEERS__source_id_fof_08286.html
CEERS__source_id_fof_08672,7543,3.0,1.9057,sources/source_0109_CEERS__source_id_fof_08672.html
CEERS__source_id_fof_08425,33956,3.0,1.9066,sources/source_0110_CEERS__source_id_fof_08425.html
CEERS__source_id_fof_07831,29898,3.0,1.9069,sources/source_0111_CEERS__source_id_fof_07831.html
CEERS__source_id_fof_07795,1796,3.0,1.9098,sources/source_0112_CEERS__source_id_fof_07795.html
CEERS__source_id_fof_08383,57,3.0,1.9102,sources/source_0113_CEERS__source_id_fof_08383.html
CEERS__source_id_fof_08308,25742,3.0,1.9177,sources/source_0114_CEERS__source_id_fof_08308.html
CEERS__source_id_fof_08421,3327,3.0,1.9188,sources/source_0115_CEERS__source_id_fof_08421.html
CEERS__source_id_fof_08206,18831,3.0,1.9194,sources/source_0116_CEERS__source_id_fof_08206.html
CEERS__source_id_fof_08633,6459,3.0,1.9200,sources/source_0117_CEERS__source_id_fof_08633.html
CEERS__source_id_fof_08014,10615,3.0,1.9203,sources/source_0118_CEERS__source_id_fof_08014.html
CEERS__source_id_fof_08247,21875,3.0,1.9224,sources/source_0119_CEERS__source_id_fof_08247.html
CEERS__source_id_fof_07797,1823,3.0,1.9297,sources/source_0120_CEERS__source_id_fof_07797.html
CEERS__source_id_fof_08228,20821,3.0,1.9461,sources/source_0121_CEERS__source_id_fof_08228.html
CEERS__source_id_fof_08107,14335,3.0,1.9488,sources/source_0122_CEERS__source_id_fof_08107.html
CEERS__source_id_fof_08629,6283,3.0,1.9488,sources/source_0123_CEERS__source_id_fof_08629.html
CEERS__source_id_fof_08630,6419,3.0,1.9576,sources/source_0124_CEERS__source_id_fof_08630.html
CEERS__source_id_fof_07850,4179,3.0,2.0065,sources/source_0125_CEERS__source_id_fof_07850.html
CEERS__source_id_fof_08229,20823,3.0,2.0111,sources/source_0126_CEERS__source_id_fof_08229.html
CEERS__source_id_fof_07818,25755,3.0,2.0123,sources/source_0127_CEERS__source_id_fof_07818.html
CEERS__source_id_fof_07833,29955,3.0,2.0126,sources/source_0128_CEERS__source_id_fof_07833.html
CEERS__source_id_fof_08332,27164,3.0,2.0156,sources/source_0129_CEERS__source_id_fof_08332.html
CEERS__source_id_fof_07819,25998,3.0,2.0165,sources/source_0130_CEERS__source_id_fof_07819.html
CEERS__source_id_fof_08408,31789,3.0,2.0183,sources/source_0131_CEERS__source_id_fof_08408.html
CEERS__source_id_fof_08350,28430,3.0,2.0198,sources/source_0132_CEERS__source_id_fof_08350.html
CEERS__source_id_fof_08840,9950,3.0,2.0316,sources/source_0133_CEERS__source_id_fof_08840.html
CEERS__source_id_fof_08814,8698,3.0,2.1149,sources/source_0134_CEERS__source_id_fof_08814.html
CEERS__source_id_fof_08249,21913,3.0,2.1333,sources/source_0135_CEERS__source_id_fof_08249.html
CEERS__source_id_fof_07809,21413,3.0,2.1402,sources/source_0136_CEERS__source_id_fof_07809.html
CEERS__source_id_fof_08224,20406,3.0,2.1427,sources/source_0137_CEERS__source_id_fof_08224.html
CEERS__source_id_fof_07774,1142,3.0,2.1434,sources/source_0138_CEERS__source_id_fof_07774.html
CEERS__source_id_fof_08602,5337,3.0,2.1506,sources/source_0139_CEERS__source_id_fof_08602.html
CEERS__source_id_fof_08003,10264,3.0,2.1686,sources/source_0140_CEERS__source_id_fof_08003.html
CEERS__source_id_fof_08473,3768,3.0,2.1875,sources/source_0141_CEERS__source_id_fof_08473.html
CEERS__source_id_fof_08197,18413,3.0,2.1953,sources/source_0142_CEERS__source_id_fof_08197.html
CEERS__source_id_fof_07821,26492,3.0,2.2075,sources/source_0143_CEERS__source_id_fof_07821.html
CEERS__source_id_fof_06068,18322,3.0,2.2189,sources/source_0144_CEERS__source_id_fof_06068.html
CEERS__source_id_fof_08360,29044,3.0,2.2346,sources/source_0145_CEERS__source_id_fof_08360.html
CEERS__source_id_fof_08291,24594,3.0,2.2362,sources/source_0146_CEERS__source_id_fof_08291.html
CEERS__source_id_fof_07829,29052,3.0,2.2736,sources/source_0147_CEERS__source_id_fof_07829.html
CEERS__source_id_fof_08348,28204,3.0,2.2966,sources/source_0148_CEERS__source_id_fof_08348.html
CEERS__source_id_fof_07800,18745,3.0,2.2973,sources/source_0149_CEERS__source_id_fof_07800.html
CEERS__source_id_fof_08493,3971,3.0,2.2992,sources/source_0150_CEERS__source_id_fof_08493.html
CEERS__source_id_fof_08363,2922,3.0,2.3030,sources/source_0151_CEERS__source_id_fof_08363.html
CEERS__source_id_fof_08596,5244,3.0,2.3075,sources/source_0152_CEERS__source_id_fof_08596.html
CEERS__source_id_fof_07781,13265,3.0,2.3085,sources/source_0153_CEERS__source_id_fof_07781.html
CEERS__source_id_fof_08484,3877,3.0,2.3158,sources/source_0154_CEERS__source_id_fof_08484.html
CEERS__source_id_fof_07789,16248,3.0,2.3178,sources/source_0155_CEERS__source_id_fof_07789.html
CEERS__source_id_fof_05939,9148,3.0,2.3208,sources/source_0156_CEERS__source_id_fof_05939.html
CEERS__source_id_fof_08227,20623,3.0,2.3334,sources/source_0157_CEERS__source_id_fof_08227.html
CEERS__source_id_fof_07807,20850,3.0,2.3371,sources/source_0158_CEERS__source_id_fof_07807.html
CEERS__source_id_fof_08545,4334,3.0,2.3404,sources/source_0159_CEERS__source_id_fof_08545.html
CEERS__source_id_fof_08207,18908,3.0,2.3417,sources/source_0160_CEERS__source_id_fof_08207.html
CEERS__source_id_fof_05280,123,3.0,2.3424,sources/source_0161_CEERS__source_id_fof_05280.html
CEERS__source_id_fof_08205,18538,3.0,2.3457,sources/source_0162_CEERS__source_id_fof_08205.html
CEERS__source_id_fof_07840,32325,3.0,2.3534,sources/source_0163_CEERS__source_id_fof_07840.html
CEERS__source_id_fof_08153,16444,3.0,2.3568,sources/source_0164_CEERS__source_id_fof_08153.html
CEERS__source_id_fof_08742,8109,3.0,2.3575,sources/source_0165_CEERS__source_id_fof_08742.html
CEERS__source_id_fof_08322,26739,3.0,2.3726,sources/source_0166_CEERS__source_id_fof_08322.html
CEERS__source_id_fof_08282,23897,3.0,2.3800,sources/source_0167_CEERS__source_id_fof_08282.html
CEERS__source_id_fof_08246,21851,3.0,2.3885,sources/source_0168_CEERS__source_id_fof_08246.html
CEERS__source_id_fof_07813,23063,3.0,2.3929,sources/source_0169_CEERS__source_id_fof_07813.html
CEERS__source_id_fof_08220,19980,3.0,2.3949,sources/source_0170_CEERS__source_id_fof_08220.html
CEERS__source_id_fof_08835,9612,3.0,2.4031,sources/source_0171_CEERS__source_id_fof_08835.html
CEERS__source_id_fof_07803,19813,3.0,2.4038,sources/source_0172_CEERS__source_id_fof_07803.html
CEERS__source_id_fof_08235,21539,3.0,2.4144,sources/source_0173_CEERS__source_id_fof_08235.html
CEERS__source_id_fof_08006,10318,3.0,2.4219,sources/source_0174_CEERS__source_id_fof_08006.html
CEERS__source_id_fof_08274,23275,3.0,2.4280,sources/source_0175_CEERS__source_id_fof_08274.html
CEERS__source_id_fof_08208,11,3.0,2.4530,sources/source_0176_CEERS__source_id_fof_08208.html
CEERS__source_id_fof_08232,21234,3.0,2.4670,sources/source_0177_CEERS__source_id_fof_08232.html
CEERS__source_id_fof_08201,18471,3.0,2.4726,sources/source_0178_CEERS__source_id_fof_08201.html
CEERS__source_id_fof_08491,3962,3.0,2.5215,sources/source_0179_CEERS__source_id_fof_08491.html
CEERS__source_id_fof_08225,20452,3.0,2.5385,sources/source_0180_CEERS__source_id_fof_08225.html
CEERS__source_id_fof_07830,29325,3.0,2.5498,sources/source_0181_CEERS__source_id_fof_07830.html
CEERS__source_id_fof_08271,23018,3.0,2.6193,sources/source_0182_CEERS__source_id_fof_08271.html
CEERS__source_id_fof_07811,22434,3.0,2.6366,sources/source_0183_CEERS__source_id_fof_07811.html
CEERS__source_id_fof_08440,3538,3.0,2.6477,sources/source_0184_CEERS__source_id_fof_08440.html
CEERS__source_id_fof_08143,15924,3.0,2.6477,sources/source_0185_CEERS__source_id_fof_08143.html
CEERS__source_id_fof_08438,3527,3.0,2.6542,sources/source_0186_CEERS__source_id_fof_08438.html
CEERS__source_id_fof_08813,8683,3.0,2.6564,sources/source_0187_CEERS__source_id_fof_08813.html
CEERS__source_id_fof_08072,12771,3.0,2.6623,sources/source_0188_CEERS__source_id_fof_08072.html
CEERS__source_id_fof_08492,3967,3.0,2.7021,sources/source_0189_CEERS__source_id_fof_08492.html
CEERS__source_id_fof_08152,16384,3.0,2.7028,sources/source_0190_CEERS__source_id_fof_08152.html
CEERS__source_id_fof_08056,1211,3.0,2.7057,sources/source_0191_CEERS__source_id_fof_08056.html
CEERS__source_id_fof_08147,16207,3.0,2.7072,sources/source_0192_CEERS__source_id_fof_08147.html
CEERS__source_id_fof_08489,3939,3.0,2.7121,sources/source_0193_CEERS__source_id_fof_08489.html
CEERS__source_id_fof_08622,5970,3.0,2.7202,sources/source_0194_CEERS__source_id_fof_08622.html
CEERS__source_id_fof_08159,16788,3.0,2.7318,sources/source_0195_CEERS__source_id_fof_08159.html
CEERS__source_id_fof_08161,16834,3.0,2.7366,sources/source_0196_CEERS__source_id_fof_08161.html
CEERS__source_id_fof_08340,2772,3.0,2.7374,sources/source_0197_CEERS__source_id_fof_08340.html
CEERS__source_id_fof_08682,7975,3.0,2.7409,sources/source_0198_CEERS__source_id_fof_08682.html
CEERS__source_id_fof_07771,11221,3.0,2.7423,sources/source_0199_CEERS__source_id_fof_07771.html
CEERS__source_id_fof_08164,16999,3.0,2.7448,sources/source_0200_CEERS__source_id_fof_08164.html
CEERS__source_id_fof_08096,14100,3.0,2.7465,sources/source_0201_CEERS__source_id_fof_08096.html
CEERS__source_id_fof_08199,18466,3.0,2.7640,sources/source_0202_CEERS__source_id_fof_08199.html
CEERS__source_id_fof_08180,17578,3.0,2.7776,sources/source_0203_CEERS__source_id_fof_08180.html
CEERS__source_id_fof_08621,5884,3.0,2.8592,sources/source_0204_CEERS__source_id_fof_08621.html
CEERS__source_id_fof_08342,2774,3.0,2.8717,sources/source_0205_CEERS__source_id_fof_08342.html
CEERS__source_id_fof_08463,36714,3.0,2.8717,sources/source_0206_CEERS__source_id_fof_08463.html
CEERS__source_id_fof_08412,3192,3.0,2.8923,sources/source_0207_CEERS__source_id_fof_08412.html
CEERS__source_id_fof_08805,85788,3.0,2.8926,sources/source_0208_CEERS__source_id_fof_08805.html
CEERS__source_id_fof_07796,18188,3.0,2.8954,sources/source_0209_CEERS__source_id_fof_07796.html
CEERS__source_id_fof_08256,22274,3.0,2.8977,sources/source_0210_CEERS__source_id_fof_08256.html
CEERS__source_id_fof_08250,21951,3.0,2.9306,sources/source_0211_CEERS__source_id_fof_08250.html
CEERS__source_id_fof_07835,307,3.0,2.9326,sources/source_0212_CEERS__source_id_fof_07835.html
CEERS__source_id_fof_08800,85552,3.0,2.9412,sources/source_0213_CEERS__source_id_fof_08800.html
CEERS__source_id_fof_08717,8045,3.0,2.9420,sources/source_0214_CEERS__source_id_fof_08717.html
CEERS__source_id_fof_07772,11258,3.0,2.9440,sources/source_0215_CEERS__source_id_fof_07772.html
CEERS__source_id_fof_07793,17309,3.0,2.9459,sources/source_0216_CEERS__source_id_fof_07793.html
CEERS__source_id_fof_07785,15766,3.0,2.9479,sources/source_0217_CEERS__source_id_fof_07785.html
CEERS__source_id_fof_05175,84763,3.0,2.9641,sources/source_0218_CEERS__source_id_fof_05175.html
CEERS__source_id_fof_08794,84891,3.0,2.9780,sources/source_0219_CEERS__source_id_fof_08794.html
CEERS__source_id_fof_05165,12761,3.0,3.0116,sources/source_0220_CEERS__source_id_fof_05165.html
CEERS__source_id_fof_08790,84677,3.0,3.0462,sources/source_0221_CEERS__source_id_fof_08790.html
CEERS__source_id_fof_07790,1636,3.0,3.0592,sources/source_0222_CEERS__source_id_fof_07790.html
CEERS__source_id_fof_08304,2552,3.0,3.0943,sources/source_0223_CEERS__source_id_fof_08304.html
CEERS__source_id_fof_07873,7,3.0,3.0961,sources/source_0224_CEERS__source_id_fof_07873.html
CEERS__source_id_fof_08104,14236,3.0,3.1127,sources/source_0225_CEERS__source_id_fof_08104.html
CEERS__source_id_fof_08268,22912,3.0,3.1222,sources/source_0226_CEERS__source_id_fof_08268.html
CEERS__source_id_fof_08807,85815,3.0,3.1895,sources/source_0227_CEERS__source_id_fof_08807.html
CEERS__source_id_fof_07776,12431,3.0,3.2126,sources/source_0228_CEERS__source_id_fof_07776.html
CEERS__source_id_fof_07775,11518,3.0,3.2175,sources/source_0229_CEERS__source_id_fof_07775.html
CEERS__source_id_fof_08078,13656,3.0,3.2202,sources/source_0230_CEERS__source_id_fof_08078.html
CEERS__source_id_fof_08285,2411,3.0,3.2274,sources/source_0231_CEERS__source_id_fof_08285.html
CEERS__source_id_fof_08133,15128,3.0,3.2304,sources/source_0232_CEERS__source_id_fof_08133.html
CEERS__source_id_fof_07773,11318,3.0,3.2346,sources/source_0233_CEERS__source_id_fof_07773.html
CEERS__source_id_fof_08343,2779,3.0,3.2396,sources/source_0234_CEERS__source_id_fof_08343.html
CEERS__source_id_fof_08791,84733,3.0,3.2418,sources/source_0235_CEERS__source_id_fof_08791.html
CEERS__source_id_fof_08046,11753,3.0,3.2439,sources/source_0236_CEERS__source_id_fof_08046.html
CEERS__source_id_fof_08739,8105,3.0,3.2520,sources/source_0237_CEERS__source_id_fof_08739.html
CEERS__source_id_fof_07783,15057,3.0,3.2567,sources/source_0238_CEERS__source_id_fof_07783.html
CEERS__source_id_fof_05121,11315,3.0,3.2669,sources/source_0239_CEERS__source_id_fof_05121.html
CEERS__source_id_fof_08062,12361,3.0,3.2767,sources/source_0240_CEERS__source_id_fof_08062.html
CEERS__source_id_fof_08118,14667,3.0,3.2982,sources/source_0241_CEERS__source_id_fof_08118.html
CEERS__source_id_fof_08042,11699,3.0,3.3009,sources/source_0242_CEERS__source_id_fof_08042.html
CEERS__source_id_fof_07778,12462,3.0,3.3033,sources/source_0243_CEERS__source_id_fof_07778.html
CEERS__source_id_fof_08302,2549,3.0,3.3085,sources/source_0244_CEERS__source_id_fof_08302.html
CEERS__source_id_fof_08262,22576,3.0,3.3171,sources/source_0245_CEERS__source_id_fof_08262.html
CEERS__source_id_fof_07782,14516,3.0,3.3352,sources/source_0246_CEERS__source_id_fof_07782.html
CEERS__source_id_fof_08067,12459,3.0,3.3370,sources/source_0247_CEERS__source_id_fof_08067.html
CEERS__source_id_fof_08011,10593,3.0,3.3402,sources/source_0248_CEERS__source_id_fof_08011.html
CEERS__source_id_fof_08799,85551,3.0,3.3427,sources/source_0249_CEERS__source_id_fof_08799.html
CEERS__source_id_fof_08130,14935,3.0,3.3496,sources/source_0250_CEERS__source_id_fof_08130.html
CEERS__source_id_fof_08261,22546,3.0,3.3540,sources/source_0251_CEERS__source_id_fof_08261.html
CEERS__source_id_fof_08802,85630,3.0,3.3907,sources/source_0252_CEERS__source_id_fof_08802.html
CEERS__source_id_fof_08786,84603,3.0,3.4149,sources/source_0253_CEERS__source_id_fof_08786.html
CEERS__source_id_fof_08359,29001,3.0,3.4329,sources/source_0254_CEERS__source_id_fof_08359.html
CEERS__source_id_fof_08277,2348,3.0,3.4349,sources/source_0255_CEERS__source_id_fof_08277.html
CEERS__source_id_fof_08338,2759,3.0,3.4375,sources/source_0256_CEERS__source_id_fof_08338.html
CEERS__source_id_fof_08029,11347,3.0,3.4379,sources/source_0257_CEERS__source_id_fof_08029.html
CEERS__source_id_fof_07765,1034,3.0,3.4386,sources/source_0258_CEERS__source_id_fof_07765.html
CEERS__source_id_fof_08070,12677,3.0,3.4391,sources/source_0259_CEERS__source_id_fof_08070.html
CEERS__source_id_fof_08290,2452,3.0,3.4399,sources/source_0260_CEERS__source_id_fof_08290.html
CEERS__source_id_fof_05090,12913,3.0,3.4426,sources/source_0261_CEERS__source_id_fof_05090.html
CEERS__source_id_fof_08314,2617,3.0,3.4464,sources/source_0262_CEERS__source_id_fof_08314.html
CEERS__source_id_fof_08782,84534,3.0,3.4606,sources/source_0263_CEERS__source_id_fof_08782.html
CEERS__source_id_fof_08103,14227,3.0,3.4624,sources/source_0264_CEERS__source_id_fof_08103.html
CEERS__source_id_fof_08276,2345,3.0,3.4761,sources/source_0265_CEERS__source_id_fof_08276.html
CEERS__source_id_fof_08811,85865,3.0,3.4787,sources/source_0266_CEERS__source_id_fof_08811.html
CEERS__source_id_fof_08053,12024,3.0,3.4818,sources/source_0267_CEERS__source_id_fof_08053.html
CEERS__source_id_fof_08076,13282,3.0,3.4825,sources/source_0268_CEERS__source_id_fof_08076.html
CEERS__source_id_fof_08785,84589,3.0,3.4879,sources/source_0269_CEERS__source_id_fof_08785.html
CEERS__source_id_fof_08798,85534,3.0,3.4879,sources/source_0270_CEERS__source_id_fof_08798.html
CEERS__source_id_fof_07769,10863,3.0,3.6011,sources/source_0271_CEERS__source_id_fof_07769.html
CEERS__source_id_fof_08804,85713,3.0,3.6264,sources/source_0272_CEERS__source_id_fof_08804.html
CEERS__source_id_fof_08059,12213,3.0,3.6272,sources/source_0273_CEERS__source_id_fof_08059.html
CEERS__source_id_fof_08329,2695,3.0,3.6362,sources/source_0274_CEERS__source_id_fof_08329.html
CEERS__source_id_fof_08784,84555,3.0,3.6496,sources/source_0275_CEERS__source_id_fof_08784.html
CEERS__source_id_fof_08263,22696,3.0,3.6612,sources/source_0276_CEERS__source_id_fof_08263.html
CEERS__source_id_fof_08328,2693,3.0,3.6688,sources/source_0277_CEERS__source_id_fof_08328.html
CEERS__source_id_fof_07903,9973,3.0,3.6720,sources/source_0278_CEERS__source_id_fof_07903.html
CEERS__source_id_fof_08025,11150,3.0,3.6809,sources/source_0279_CEERS__source_id_fof_08025.html
CEERS__source_id_fof_08035,11495,3.0,3.7194,sources/source_0280_CEERS__source_id_fof_08035.html
CEERS__source_id_fof_07787,1598,3.0,3.7627,sources/source_0281_CEERS__source_id_fof_07787.html
CEERS__source_id_fof_08039,11624,3.0,3.7783,sources/source_0282_CEERS__source_id_fof_08039.html
CEERS__source_id_fof_07764,10291,3.0,3.8041,sources/source_0283_CEERS__source_id_fof_07764.html
CEERS__source_id_fof_07767,10618,3.0,3.8360,sources/source_0284_CEERS__source_id_fof_07767.html
CEERS__source_id_fof_07902,9932,3.0,3.8452,sources/source_0285_CEERS__source_id_fof_07902.html
CEERS__source_id_fof_05968,128,3.0,3.8606,sources/source_0286_CEERS__source_id_fof_05968.html
CEERS__source_id_fof_08450,3585,3.0,3.8670,sources/source_0287_CEERS__source_id_fof_08450.html
CEERS__source_id_fof_08136,15385,3.0,3.8765,sources/source_0288_CEERS__source_id_fof_08136.html
CEERS__source_id_fof_08750,82116,3.0,3.9175,sources/source_0289_CEERS__source_id_fof_08750.html
CEERS__source_id_fof_08452,3587,3.0,3.9288,sources/source_0290_CEERS__source_id_fof_08452.html
CEERS__source_id_fof_08748,82077,3.0,4.1929,sources/source_0291_CEERS__source_id_fof_08748.html
CEERS__source_id_fof_08772,269,3.0,4.1933,sources/source_0292_CEERS__source_id_fof_08772.html
CEERS__source_id_fof_08079,13692,3.0,4.2163,sources/source_0293_CEERS__source_id_fof_08079.html
CEERS__source_id_fof_06375,80457,3.0,4.2246,sources/source_0294_CEERS__source_id_fof_06375.html
CEERS__source_id_fof_08830,933,3.0,4.2252,sources/source_0295_CEERS__source_id_fof_08830.html
CEERS__source_id_fof_07896,9467,3.0,4.2252,sources/source_0296_CEERS__source_id_fof_07896.html
CEERS__source_id_fof_08770,83502,3.0,4.2508,sources/source_0297_CEERS__source_id_fof_08770.html
CEERS__source_id_fof_07786,1586,3.0,4.2946,sources/source_0298_CEERS__source_id_fof_07786.html
CEERS__source_id_fof_08779,83779,3.0,4.2946,sources/source_0299_CEERS__source_id_fof_08779.html
CEERS__source_id_fof_08744,82043,3.0,4.3095,sources/source_0300_CEERS__source_id_fof_08744.html
CEERS__source_id_fof_08065,12405,3.0,4.3553,sources/source_0301_CEERS__source_id_fof_08065.html
CEERS__source_id_fof_04715,9020,3.0,4.3978,sources/source_0302_CEERS__source_id_fof_04715.html
CEERS__source_id_fof_07874,8038,3.0,4.4034,sources/source_0303_CEERS__source_id_fof_07874.html
CEERS__source_id_fof_07841,3234,3.0,4.4684,sources/source_0304_CEERS__source_id_fof_07841.html
CEERS__source_id_fof_07883,9026,3.0,4.4783,sources/source_0305_CEERS__source_id_fof_07883.html
CEERS__source_id_fof_08020,10995,3.0,4.4799,sources/source_0306_CEERS__source_id_fof_08020.html
CEERS__source_id_fof_04691,9600,3.0,4.4826,sources/source_0307_CEERS__source_id_fof_04691.html
CEERS__source_id_fof_08063,1236,3.0,4.4828,sources/source_0308_CEERS__source_id_fof_08063.html
CEERS__source_id_fof_08752,82145,3.0,4.4865,sources/source_0309_CEERS__source_id_fof_08752.html
CEERS__source_id_fof_08094,1400,3.0,4.4892,sources/source_0310_CEERS__source_id_fof_08094.html
CEERS__source_id_fof_08781,83860,3.0,4.5035,sources/source_0311_CEERS__source_id_fof_08781.html
CEERS__source_id_fof_08767,83398,3.0,4.5477,sources/source_0312_CEERS__source_id_fof_08767.html
CEERS__source_id_fof_08753,82167,3.0,4.5555,sources/source_0313_CEERS__source_id_fof_08753.html
CEERS__source_id_fof_08780,83856,3.0,4.5561,sources/source_0314_CEERS__source_id_fof_08780.html
CEERS__source_id_fof_08135,1534,3.0,4.5847,sources/source_0315_CEERS__source_id_fof_08135.html
CEERS__source_id_fof_07882,9016,3.0,4.5967,sources/source_0316_CEERS__source_id_fof_07882.html
CEERS__source_id_fof_08215,1953,3.0,4.6014,sources/source_0317_CEERS__source_id_fof_08215.html
CEERS__source_id_fof_08547,43461,3.0,4.6216,sources/source_0318_CEERS__source_id_fof_08547.html
CEERS__source_id_fof_08449,3584,3.0,4.6361,sources/source_0319_CEERS__source_id_fof_08449.html
CEERS__source_id_fof_08223,2036,3.0,4.6417,sources/source_0320_CEERS__source_id_fof_08223.html
CEERS__source_id_fof_08759,136,3.0,4.7060,sources/source_0321_CEERS__source_id_fof_08759.html
CEERS__source_id_fof_08757,82300,3.0,4.7127,sources/source_0322_CEERS__source_id_fof_08757.html
CEERS__source_id_fof_06111,80932,3.0,4.7235,sources/source_0323_CEERS__source_id_fof_06111.html
CEERS__source_id_fof_08112,1449,3.0,4.7509,sources/source_0324_CEERS__source_id_fof_08112.html
CEERS__source_id_fof_07878,8366,3.0,4.7845,sources/source_0325_CEERS__source_id_fof_07878.html
CEERS__source_id_fof_08221,2000,3.0,4.7990,sources/source_0326_CEERS__source_id_fof_08221.html
CEERS__source_id_fof_08217,1981,3.0,4.8124,sources/source_0327_CEERS__source_id_fof_08217.html
CEERS__source_id_fof_08769,83439,3.0,4.8269,sources/source_0328_CEERS__source_id_fof_08769.html
CEERS__source_id_fof_07838,3149,3.0,4.8896,sources/source_0329_CEERS__source_id_fof_07838.html
CEERS__source_id_fof_07806,2015,3.0,4.8926,sources/source_0330_CEERS__source_id_fof_07806.html
CEERS__source_id_fof_08774,83574,3.0,4.8979,sources/source_0331_CEERS__source_id_fof_08774.html
CEERS__source_id_fof_07824,2763,3.0,4.8990,sources/source_0332_CEERS__source_id_fof_07824.html
CEERS__source_id_fof_07834,2,3.0,4.9033,sources/source_0333_CEERS__source_id_fof_07834.html
CEERS__source_id_fof_08810,85836,3.0,4.9846,sources/source_0334_CEERS__source_id_fof_08810.html
CEERS__source_id_fof_08760,82507,3.0,4.9866,sources/source_0335_CEERS__source_id_fof_08760.html
CEERS__source_id_fof_08045,1173,3.0,4.9948,sources/source_0336_CEERS__source_id_fof_08045.html
CEERS__source_id_fof_08776,83666,3.0,4.9966,sources/source_0337_CEERS__source_id_fof_08776.html
CEERS__source_id_fof_08080,1374,3.0,5.0008,sources/source_0338_CEERS__source_id_fof_08080.html
CEERS__source_id_fof_08113,14525,3.0,5.0653,sources/source_0339_CEERS__source_id_fof_08113.html
CEERS__source_id_fof_08030,11383,3.0,5.0657,sources/source_0340_CEERS__source_id_fof_08030.html
CEERS__source_id_fof_07880,8507,3.0,5.0884,sources/source_0341_CEERS__source_id_fof_07880.html
CEERS__source_id_fof_07794,1768,3.0,5.0884,sources/source_0342_CEERS__source_id_fof_07794.html
CEERS__source_id_fof_08210,1912,3.0,5.0884,sources/source_0343_CEERS__source_id_fof_08210.html
CEERS__source_id_fof_07867,7467,3.0,5.0945,sources/source_0344_CEERS__source_id_fof_07867.html
CEERS__source_id_fof_08797,85517,3.0,5.1122,sources/source_0345_CEERS__source_id_fof_08797.html
CEERS__source_id_fof_08754,82171,3.0,5.1472,sources/source_0346_CEERS__source_id_fof_08754.html
CEERS__source_id_fof_08745,82052,3.0,5.1490,sources/source_0347_CEERS__source_id_fof_08745.html
CEERS__source_id_fof_08474,37697,3.0,5.1521,sources/source_0348_CEERS__source_id_fof_08474.html
CEERS__source_id_fof_08156,1672,3.0,5.2033,sources/source_0349_CEERS__source_id_fof_08156.html
CEERS__source_id_fof_08758,82329,3.0,5.2170,sources/source_0350_CEERS__source_id_fof_08758.html
CEERS__source_id_fof_05224,2782,3.0,5.2394,sources/source_0351_CEERS__source_id_fof_05224.html
CEERS__source_id_fof_08747,82069,3.0,5.2468,sources/source_0352_CEERS__source_id_fof_08747.html
CEERS__source_id_fof_08405,314,3.0,5.2681,sources/source_0353_CEERS__source_id_fof_08405.html
CEERS__source_id_fof_08116,1465,3.0,5.2683,sources/source_0354_CEERS__source_id_fof_08116.html
CEERS__source_id_fof_07868,7668,3.0,5.2738,sources/source_0355_CEERS__source_id_fof_07868.html
CEERS__source_id_fof_08082,1378,3.0,5.2750,sources/source_0356_CEERS__source_id_fof_08082.html
CEERS__source_id_fof_08695,80072,3.0,5.2757,sources/source_0357_CEERS__source_id_fof_08695.html
CEERS__source_id_fof_08734,81022,3.0,5.2839,sources/source_0358_CEERS__source_id_fof_08734.html
CEERS__source_id_fof_08231,2116,3.0,5.2851,sources/source_0359_CEERS__source_id_fof_08231.html
CEERS__source_id_fof_08778,83772,3.0,5.2894,sources/source_0360_CEERS__source_id_fof_08778.html
CEERS__source_id_fof_05563,2362,3.0,5.3149,sources/source_0361_CEERS__source_id_fof_05563.html
CEERS__source_id_fof_07879,840,3.0,5.3269,sources/source_0362_CEERS__source_id_fof_07879.html
CEERS__source_id_fof_08751,82135,3.0,5.3382,sources/source_0363_CEERS__source_id_fof_08751.html
CEERS__source_id_fof_04774,177,3.0,5.3490,sources/source_0364_CEERS__source_id_fof_04774.html
CEERS__source_id_fof_08736,81032,3.0,5.4166,sources/source_0365_CEERS__source_id_fof_08736.html
CEERS__source_id_fof_08735,81026,3.0,5.4198,sources/source_0366_CEERS__source_id_fof_08735.html
CEERS__source_id_fof_08777,83764,3.0,5.4269,sources/source_0367_CEERS__source_id_fof_08777.html
CEERS__source_id_fof_08719,80573,3.0,5.4333,sources/source_0368_CEERS__source_id_fof_08719.html
CEERS__source_id_fof_08721,80576,3.0,5.4372,sources/source_0369_CEERS__source_id_fof_08721.html
CEERS__source_id_fof_08179,1756,3.0,5.4430,sources/source_0370_CEERS__source_id_fof_08179.html
CEERS__source_id_fof_08488,391,3.0,5.5045,sources/source_0371_CEERS__source_id_fof_08488.html
CEERS__source_id_fof_08479,381,3.0,5.5086,sources/source_0372_CEERS__source_id_fof_08479.html
CEERS__source_id_fof_08669,746,3.0,5.6225,sources/source_0373_CEERS__source_id_fof_08669.html
CEERS__source_id_fof_08447,356,3.0,5.6244,sources/source_0374_CEERS__source_id_fof_08447.html
CEERS__source_id_fof_05550,513,3.0,5.6423,sources/source_0375_CEERS__source_id_fof_05550.html
CEERS__source_id_fof_08610,545,3.0,5.6605,sources/source_0376_CEERS__source_id_fof_08610.html
CEERS__source_id_fof_08637,653,3.0,5.6631,sources/source_0377_CEERS__source_id_fof_08637.html
CEERS__source_id_fof_08418,323,3.0,5.6656,sources/source_0378_CEERS__source_id_fof_08418.html
CEERS__source_id_fof_08727,80916,3.0,5.6751,sources/source_0379_CEERS__source_id_fof_08727.html
CEERS__source_id_fof_07885,923,3.0,5.7019,sources/source_0380_CEERS__source_id_fof_07885.html
CEERS__source_id_fof_08724,80671,3.0,5.7319,sources/source_0381_CEERS__source_id_fof_08724.html
CEERS__source_id_fof_08775,83592,3.0,5.7375,sources/source_0382_CEERS__source_id_fof_08775.html
CEERS__source_id_fof_08501,403,3.0,5.7572,sources/source_0383_CEERS__source_id_fof_08501.html
CEERS__source_id_fof_07871,783,3.0,5.7657,sources/source_0384_CEERS__source_id_fof_07871.html
CEERS__source_id_fof_07814,2315,3.0,5.7672,sources/source_0385_CEERS__source_id_fof_07814.html
CEERS__source_id_fof_05728,81018,3.0,5.8581,sources/source_0386_CEERS__source_id_fof_05728.html
CEERS__source_id_fof_08494,397,3.0,6.0003,sources/source_0387_CEERS__source_id_fof_08494.html
CEERS__source_id_fof_08578,476,3.0,6.0104,sources/source_0388_CEERS__source_id_fof_08578.html
CEERS__source_id_fof_08457,362,3.0,6.0455,sources/source_0389_CEERS__source_id_fof_08457.html
CEERS__source_id_fof_05963,618,3.0,6.0477,sources/source_0390_CEERS__source_id_fof_05963.html
CEERS__source_id_fof_08623,603,3.0,6.0552,sources/source_0391_CEERS__source_id_fof_08623.html
CEERS__source_id_fof_08740,81063,3.0,6.0936,sources/source_0392_CEERS__source_id_fof_08740.html
CEERS__source_id_fof_08442,355,3.0,6.0970,sources/source_0393_CEERS__source_id_fof_08442.html
CEERS__source_id_fof_08597,526,3.0,6.1028,sources/source_0394_CEERS__source_id_fof_08597.html
CEERS__source_id_fof_08606,539,3.0,6.1139,sources/source_0395_CEERS__source_id_fof_08606.html
CEERS__source_id_fof_08279,2355,3.0,6.1183,sources/source_0396_CEERS__source_id_fof_08279.html
CEERS__source_id_fof_08635,64,3.0,6.1224,sources/source_0397_CEERS__source_id_fof_08635.html
CEERS__source_id_fof_08732,80954,3.0,6.1620,sources/source_0398_CEERS__source_id_fof_08732.html
CEERS__source_id_fof_08728,80917,3.0,6.1778,sources/source_0399_CEERS__source_id_fof_08728.html
CEERS__source_id_fof_08016,1065,3.0,6.1943,sources/source_0400_CEERS__source_id_fof_08016.html
CEERS__source_id_fof_08646,67,3.0,6.2032,sources/source_0401_CEERS__source_id_fof_08646.html
CEERS__source_id_fof_07856,617,3.0,6.2280,sources/source_0402_CEERS__source_id_fof_07856.html
CEERS__source_id_fof_08741,81068,3.0,6.2702,sources/source_0403_CEERS__source_id_fof_08741.html
CEERS__source_id_fof_08487,390,3.0,6.2814,sources/source_0404_CEERS__source_id_fof_08487.html
CEERS__source_id_fof_08720,80575,3.0,6.5330,sources/source_0405_CEERS__source_id_fof_08720.html
CEERS__source_id_fof_07864,663,3.0,6.5336,sources/source_0406_CEERS__source_id_fof_07864.html
CEERS__source_id_fof_08722,80596,3.0,6.5360,sources/source_0407_CEERS__source_id_fof_08722.html
CEERS__source_id_fof_07863,662,3.0,6.5375,sources/source_0408_CEERS__source_id_fof_07863.html
CEERS__source_id_fof_08726,80710,3.0,6.5488,sources/source_0409_CEERS__source_id_fof_08726.html
CEERS__source_id_fof_07870,781,3.0,6.5851,sources/source_0410_CEERS__source_id_fof_07870.html
CEERS__source_id_fof_08483,386,3.0,6.6148,sources/source_0411_CEERS__source_id_fof_08483.html
CEERS__source_id_fof_08099,1414,3.0,6.6674,sources/source_0412_CEERS__source_id_fof_08099.html
CEERS__source_id_fof_08620,577,3.0,6.6859,sources/source_0413_CEERS__source_id_fof_08620.html
CEERS__source_id_fof_08737,81049,3.0,6.7337,sources/source_0414_CEERS__source_id_fof_08737.html
CEERS__source_id_fof_08729,80925,3.0,6.7554,sources/source_0415_CEERS__source_id_fof_08729.html
CEERS__source_id_fof_08031,1142,3.0,6.9525,sources/source_0416_CEERS__source_id_fof_08031.html
CEERS__source_id_fof_07852,445,3.0,6.9764,sources/source_0417_CEERS__source_id_fof_07852.html
CEERS__source_id_fof_08023,1102,3.0,6.9940,sources/source_0418_CEERS__source_id_fof_08023.html
CEERS__source_id_fof_08705,80244,3.0,7.0004,sources/source_0419_CEERS__source_id_fof_08705.html
CEERS__source_id_fof_08714,80401,3.0,7.0300,sources/source_0420_CEERS__source_id_fof_08714.html
CEERS__source_id_fof_08609,542,3.0,7.0539,sources/source_0421_CEERS__source_id_fof_08609.html
CEERS__source_id_fof_08671,749,3.0,7.0809,sources/source_0422_CEERS__source_id_fof_08671.html
CEERS__source_id_fof_08561,44,3.0,7.1042,sources/source_0423_CEERS__source_id_fof_08561.html
CEERS__source_id_fof_08603,534,3.0,7.1079,sources/source_0424_CEERS__source_id_fof_08603.html
CEERS__source_id_fof_08605,37,3.0,7.1079,sources/source_0425_CEERS__source_id_fof_08605.html
CEERS__source_id_fof_08766,829,3.0,7.1626,sources/source_0426_CEERS__source_id_fof_08766.html
CEERS__source_id_fof_08586,498,3.0,7.1651,sources/source_0427_CEERS__source_id_fof_08586.html
CEERS__source_id_fof_08710,80374,3.0,7.1792,sources/source_0428_CEERS__source_id_fof_08710.html
CEERS__source_id_fof_08553,439,3.0,7.1832,sources/source_0429_CEERS__source_id_fof_08553.html
CEERS__source_id_fof_07899,952,3.0,7.3319,sources/source_0430_CEERS__source_id_fof_07899.html
CEERS__source_id_fof_08715,80432,3.0,7.4747,sources/source_0431_CEERS__source_id_fof_08715.html
CEERS__source_id_fof_08704,80239,3.0,7.4797,sources/source_0432_CEERS__source_id_fof_08704.html
CEERS__source_id_fof_07851,434,3.0,7.4807,sources/source_0433_CEERS__source_id_fof_07851.html
CEERS__source_id_fof_08709,80372,3.0,7.4816,sources/source_0434_CEERS__source_id_fof_08709.html
CEERS__source_id_fof_08716,80445,3.0,7.5138,sources/source_0435_CEERS__source_id_fof_08716.html
CEERS__source_id_fof_07853,449,3.0,7.5496,sources/source_0436_CEERS__source_id_fof_07853.html
CEERS__source_id_fof_08690,80025,3.0,7.6459,sources/source_0437_CEERS__source_id_fof_08690.html
CEERS__source_id_fof_08648,686,3.0,7.7494,sources/source_0438_CEERS__source_id_fof_08648.html
CEERS__source_id_fof_08512,409,3.0,7.7565,sources/source_0439_CEERS__source_id_fof_08512.html
CEERS__source_id_fof_08230,20,3.0,7.7605,sources/source_0440_CEERS__source_id_fof_08230.html
CEERS__source_id_fof_08004,1027,3.0,7.8223,sources/source_0441_CEERS__source_id_fof_08004.html
CEERS__source_id_fof_04739,355,3.0,7.9284,sources/source_0442_CEERS__source_id_fof_04739.html
CEERS__source_id_fof_08497,3,3.0,8.0006,sources/source_0443_CEERS__source_id_fof_08497.html
CEERS__source_id_fof_08699,80083,3.0,8.6387,sources/source_0444_CEERS__source_id_fof_08699.html
CEERS__source_id_fof_07828,28,3.0,8.7619,sources/source_0445_CEERS__source_id_fof_07828.html
CEERS__source_id_fof_04302,2,3.0,8.8000,sources/source_0446_CEERS__source_id_fof_04302.html
CEERS__source_id_fof_04390,9,3.0,9.3848,sources/source_0447_CEERS__source_id_fof_04390.html
CEERS__source_id_fof_08691,80026,3.0,9.5707,sources/source_0448_CEERS__source_id_fof_08691.html
CEERS__source_id_fof_08692,80041,3.0,9.8492,sources/source_0449_CEERS__source_id_fof_08692.html
CEERS__source_id_fof_07860,64,3.0,10.0133,sources/source_0450_CEERS__source_id_fof_07860.html
CEERS__source_id_fof_07865,69,3.0,10.6300,sources/source_0451_CEERS__source_id_fof_07865.html
CEERS__source_id_fof_07804,1,3.0,11.4136,sources/source_0452_CEERS__source_id_fof_07804.html
CEERS__source_id_fof_07770,10,3.0,11.6351,sources/source_0453_CEERS__source_id_fof_07770.html
CEERS__source_id_fof_08319,265,2.0,6.5696,sources/source_0454_CEERS__source_id_fof_08319.html
CEERS__source_id_fof_08580,481,2.0,6.9286,sources/source_0455_CEERS__source_id_fof_08580.html
CEERS__source_id_fof_04317,7,2.0,8.7978,sources/source_0456_CEERS__source_id_fof_04317.html
CEERS__source_id_fof_06079,80073,2.0,10.5927,sources/source_0457_CEERS__source_id_fof_06079.html
CEERS__source_id_fof_08434,3480,0.0,1.9218,sources/source_0458_CEERS__source_id_fof_08434.html
CEERS__source_id_fof_07884,91050,2.0,NaN,sources/source_0459_CEERS__source_id_fof_07884.html
CEERS__source_id_fof_08177,17504,2.0,NaN,sources/source_0460_CEERS__source_id_fof_08177.html
CEERS__source_id_fof_08570,46679,2.0,NaN,sources/source_0461_CEERS__source_id_fof_08570.html
CEERS__source_id_fof_08591,510,2.0,NaN,sources/source_0462_CEERS__source_id_fof_08591.html
CEERS__source_id_fof_08503,40521,2.0,0.3880,sources/source_0463_CEERS__source_id_fof_08503.html
CEERS__source_id_fof_08562,45054,2.0,0.7768,sources/source_0464_CEERS__source_id_fof_08562.html
CEERS__source_id_fof_08746,82055,2.0,0.8854,sources/source_0465_CEERS__source_id_fof_08746.html
CEERS__source_id_fof_07876,813,2.0,1.1072,sources/source_0466_CEERS__source_id_fof_07876.html
CEERS__source_id_fof_08395,30933,2.0,1.1305,sources/source_0467_CEERS__source_id_fof_08395.html
CEERS__source_id_fof_08559,4487,2.0,1.3799,sources/source_0468_CEERS__source_id_fof_08559.html
CEERS__source_id_fof_07832,29928,2.0,1.6807,sources/source_0469_CEERS__source_id_fof_07832.html
CEERS__source_id_fof_07808,20899,2.0,1.7461,sources/source_0470_CEERS__source_id_fof_07808.html
CEERS__source_id_fof_07812,22,2.0,2.3041,sources/source_0471_CEERS__source_id_fof_07812.html
CEERS__source_id_fof_07904,9,2.0,2.3089,sources/source_0472_CEERS__source_id_fof_07904.html
CEERS__source_id_fof_08237,21626,2.0,2.9006,sources/source_0473_CEERS__source_id_fof_08237.html
CEERS__source_id_fof_08803,85636,2.0,3.3440,sources/source_0474_CEERS__source_id_fof_08803.html
CEERS__source_id_fof_08702,80142,2.0,7.3265,sources/source_0475_CEERS__source_id_fof_08702.html
CEERS__source_id_fof_07877,8355,1.0,NaN,sources/source_0476_CEERS__source_id_fof_07877.html
CEERS__source_id_fof_07900,9597,1.0,NaN,sources/source_0477_CEERS__source_id_fof_07900.html
CEERS__source_id_fof_08685,80007,1.0,NaN,sources/source_0478_CEERS__source_id_fof_08685.html
CEERS__source_id_fof_08700,80099,1.0,NaN,sources/source_0479_CEERS__source_id_fof_08700.html
CEERS__source_id_fof_08269,22922,1.0,0.0259,sources/source_0480_CEERS__source_id_fof_08269.html
CEERS__source_id_fof_08793,84821,1.0,0.1599,sources/source_0481_CEERS__source_id_fof_08793.html
CEERS__source_id_fof_07866,7016,1.0,0.1971,sources/source_0482_CEERS__source_id_fof_07866.html
CEERS__source_id_fof_08092,13998,1.0,0.2421,sources/source_0483_CEERS__source_id_fof_08092.html
CEERS__source_id_fof_07799,18698,1.0,0.3344,sources/source_0484_CEERS__source_id_fof_07799.html
CEERS__source_id_fof_08273,2320,1.0,0.4017,sources/source_0485_CEERS__source_id_fof_08273.html
CEERS__source_id_fof_08267,22800,1.0,0.4811,sources/source_0486_CEERS__source_id_fof_08267.html
CEERS__source_id_fof_08696,80074,1.0,0.4879,sources/source_0487_CEERS__source_id_fof_08696.html
CEERS__source_id_fof_05972,2683,1.0,0.6047,sources/source_0488_CEERS__source_id_fof_05972.html
CEERS__source_id_fof_07820,26192,1.0,0.6744,sources/source_0489_CEERS__source_id_fof_07820.html
CEERS__source_id_fof_08409,31796,1.0,0.8840,sources/source_0490_CEERS__source_id_fof_08409.html
CEERS__source_id_fof_07780,1312,1.0,0.9287,sources/source_0491_CEERS__source_id_fof_07780.html
CEERS__source_id_fof_08160,167,1.0,0.9332,sources/source_0492_CEERS__source_id_fof_08160.html
CEERS__source_id_fof_08599,52,1.0,0.9849,sources/source_0493_CEERS__source_id_fof_08599.html
CEERS__source_id_fof_07801,19017,1.0,1.1318,sources/source_0494_CEERS__source_id_fof_07801.html
CEERS__source_id_fof_08725,80708,1.0,1.1436,sources/source_0495_CEERS__source_id_fof_08725.html
CEERS__source_id_fof_07837,31266,1.0,1.2770,sources/source_0496_CEERS__source_id_fof_07837.html
CEERS__source_id_fof_08684,798,1.0,1.4789,sources/source_0497_CEERS__source_id_fof_08684.html
CEERS__source_id_fof_08419,32777,1.0,1.7659,sources/source_0498_CEERS__source_id_fof_08419.html
CEERS__source_id_fof_07802,19757,1.0,1.7718,sources/source_0499_CEERS__source_id_fof_07802.html
CEERS__source_id_fof_07777,1244,1.0,2.1634,sources/source_0500_CEERS__source_id_fof_07777.html
CEERS__source_id_fof_08191,17985,1.0,2.1939,sources/source_0501_CEERS__source_id_fof_08191.html
CEERS__source_id_fof_08693,80042,1.0,2.2855,sources/source_0502_CEERS__source_id_fof_08693.html
CEERS__source_id_fof_07779,1292,1.0,2.4626,sources/source_0503_CEERS__source_id_fof_07779.html
CEERS__source_id_fof_08384,30373,1.0,2.4809,sources/source_0504_CEERS__source_id_fof_08384.html
CEERS__source_id_fof_08226,20614,1.0,2.6622,sources/source_0505_CEERS__source_id_fof_08226.html
CEERS__source_id_fof_07817,25006,1.0,2.6622,sources/source_0506_CEERS__source_id_fof_07817.html
CEERS__source_id_fof_08789,84672,1.0,2.7710,sources/source_0507_CEERS__source_id_fof_08789.html
CEERS__source_id_fof_08613,5546,1.0,2.8464,sources/source_0508_CEERS__source_id_fof_08613.html
CEERS__source_id_fof_07872,7912,1.0,3.3465,sources/source_0509_CEERS__source_id_fof_07872.html
CEERS__source_id_fof_08270,22,1.0,3.3996,sources/source_0510_CEERS__source_id_fof_08270.html
CEERS__source_id_fof_08792,84810,1.0,3.6587,sources/source_0511_CEERS__source_id_fof_08792.html
CEERS__source_id_fof_08047,11792,1.0,3.6817,sources/source_0512_CEERS__source_id_fof_08047.html
CEERS__source_id_fof_07881,8734,1.0,3.8036,sources/source_0513_CEERS__source_id_fof_07881.html
CEERS__source_id_fof_08515,410,1.0,6.0116,sources/source_0514_CEERS__source_id_fof_08515.html
CEERS__source_id_fof_07842,340,1.0,6.4392,sources/source_0515_CEERS__source_id_fof_07842.html
CEERS__source_id_fof_08624,106,1.0,6.5792,sources/source_0516_CEERS__source_id_fof_08624.html
CEERS__source_id_fof_08771,83509,1.0,6.6341,sources/source_0517_CEERS__source_id_fof_08771.html
CEERS__source_id_fof_08167,171,1.0,7.3551,sources/source_0518_CEERS__source_id_fof_08167.html
CEERS__source_id_fof_07760,10016,0.0,0.2354,sources/source_0519_CEERS__source_id_fof_07760.html
CEERS__source_id_fof_08318,26509,0.0,1.5097,sources/source_0520_CEERS__source_id_fof_08318.html
CEERS__source_id_fof_08186,17699,0.0,2.1771,sources/source_0521_CEERS__source_id_fof_08186.html
CEERS__source_id_fof_07886,9285,0.0,2.4797,sources/source_0522_CEERS__source_id_fof_07886.html
CEERS__source_id_fof_07906,112,N/A,NaN,sources/source_0523_CEERS__source_id_fof_07906.html
CEERS__source_id_fof_07909,11,N/A,NaN,sources/source_0524_CEERS__source_id_fof_07909.html
CEERS__source_id_fof_07910,120,N/A,NaN,sources/source_0525_CEERS__source_id_fof_07910.html
CEERS__source_id_fof_07914,133,N/A,NaN,sources/source_0526_CEERS__source_id_fof_07914.html
CEERS__source_id_fof_07916,137,N/A,NaN,sources/source_0527_CEERS__source_id_fof_07916.html
CEERS__source_id_fof_07917,13,N/A,NaN,sources/source_0528_CEERS__source_id_fof_07917.html
CEERS__source_id_fof_07919,153,N/A,NaN,sources/source_0529_CEERS__source_id_fof_07919.html
CEERS__source_id_fof_07921,169,N/A,NaN,sources/source_0530_CEERS__source_id_fof_07921.html
CEERS__source_id_fof_07922,172,N/A,NaN,sources/source_0531_CEERS__source_id_fof_07922.html
CEERS__source_id_fof_07923,175,N/A,NaN,sources/source_0532_CEERS__source_id_fof_07923.html
CEERS__source_id_fof_07924,17,N/A,NaN,sources/source_0533_CEERS__source_id_fof_07924.html
CEERS__source_id_fof_07925,180,N/A,NaN,sources/source_0534_CEERS__source_id_fof_07925.html
CEERS__source_id_fof_07926,190,N/A,NaN,sources/source_0535_CEERS__source_id_fof_07926.html
CEERS__source_id_fof_07927,196,N/A,NaN,sources/source_0536_CEERS__source_id_fof_07927.html
CEERS__source_id_fof_07928,199,N/A,NaN,sources/source_0537_CEERS__source_id_fof_07928.html
CEERS__source_id_fof_07929,206,N/A,NaN,sources/source_0538_CEERS__source_id_fof_07929.html
CEERS__source_id_fof_07930,208,N/A,NaN,sources/source_0539_CEERS__source_id_fof_07930.html
CEERS__source_id_fof_07932,214,N/A,NaN,sources/source_0540_CEERS__source_id_fof_07932.html
CEERS__source_id_fof_07933,216,N/A,NaN,sources/source_0541_CEERS__source_id_fof_07933.html
CEERS__source_id_fof_07936,224,N/A,NaN,sources/source_0542_CEERS__source_id_fof_07936.html
CEERS__source_id_fof_07937,226,N/A,NaN,sources/source_0543_CEERS__source_id_fof_07937.html
CEERS__source_id_fof_07938,227,N/A,NaN,sources/source_0544_CEERS__source_id_fof_07938.html
CEERS__source_id_fof_07940,22,N/A,NaN,sources/source_0545_CEERS__source_id_fof_07940.html
CEERS__source_id_fof_07941,242,N/A,NaN,sources/source_0546_CEERS__source_id_fof_07941.html
CEERS__source_id_fof_07943,24,N/A,NaN,sources/source_0547_CEERS__source_id_fof_07943.html
CEERS__source_id_fof_07944,253,N/A,NaN,sources/source_0548_CEERS__source_id_fof_07944.html
CEERS__source_id_fof_07945,258,N/A,NaN,sources/source_0549_CEERS__source_id_fof_07945.html
CEERS__source_id_fof_07947,260,N/A,NaN,sources/source_0550_CEERS__source_id_fof_07947.html
CEERS__source_id_fof_07950,267,N/A,NaN,sources/source_0551_CEERS__source_id_fof_07950.html
CEERS__source_id_fof_07951,276,N/A,NaN,sources/source_0552_CEERS__source_id_fof_07951.html
CEERS__source_id_fof_07952,282,N/A,NaN,sources/source_0553_CEERS__source_id_fof_07952.html
CEERS__source_id_fof_07953,284,N/A,NaN,sources/source_0554_CEERS__source_id_fof_07953.html
CEERS__source_id_fof_07954,285,N/A,NaN,sources/source_0555_CEERS__source_id_fof_07954.html
CEERS__source_id_fof_07955,291,N/A,NaN,sources/source_0556_CEERS__source_id_fof_07955.html
CEERS__source_id_fof_07956,293,N/A,NaN,sources/source_0557_CEERS__source_id_fof_07956.html
CEERS__source_id_fof_07957,295,N/A,NaN,sources/source_0558_CEERS__source_id_fof_07957.html
CEERS__source_id_fof_07958,299,N/A,NaN,sources/source_0559_CEERS__source_id_fof_07958.html
CEERS__source_id_fof_07960,303,N/A,NaN,sources/source_0560_CEERS__source_id_fof_07960.html
CEERS__source_id_fof_07961,306,N/A,NaN,sources/source_0561_CEERS__source_id_fof_07961.html
CEERS__source_id_fof_07962,308,N/A,NaN,sources/source_0562_CEERS__source_id_fof_07962.html
CEERS__source_id_fof_07963,309,N/A,NaN,sources/source_0563_CEERS__source_id_fof_07963.html
CEERS__source_id_fof_07964,310,N/A,NaN,sources/source_0564_CEERS__source_id_fof_07964.html
CEERS__source_id_fof_07965,311,N/A,NaN,sources/source_0565_CEERS__source_id_fof_07965.html
CEERS__source_id_fof_07966,314,N/A,NaN,sources/source_0566_CEERS__source_id_fof_07966.html
CEERS__source_id_fof_07967,315,N/A,NaN,sources/source_0567_CEERS__source_id_fof_07967.html
CEERS__source_id_fof_07968,318,N/A,NaN,sources/source_0568_CEERS__source_id_fof_07968.html
CEERS__source_id_fof_07969,319,N/A,NaN,sources/source_0569_CEERS__source_id_fof_07969.html
CEERS__source_id_fof_07970,320,N/A,NaN,sources/source_0570_CEERS__source_id_fof_07970.html
CEERS__source_id_fof_07971,324,N/A,NaN,sources/source_0571_CEERS__source_id_fof_07971.html
CEERS__source_id_fof_07972,32,N/A,NaN,sources/source_0572_CEERS__source_id_fof_07972.html
CEERS__source_id_fof_07973,34,N/A,NaN,sources/source_0573_CEERS__source_id_fof_07973.html
CEERS__source_id_fof_07974,38,N/A,NaN,sources/source_0574_CEERS__source_id_fof_07974.html
CEERS__source_id_fof_07975,39,N/A,NaN,sources/source_0575_CEERS__source_id_fof_07975.html
CEERS__source_id_fof_07976,40,N/A,NaN,sources/source_0576_CEERS__source_id_fof_07976.html
CEERS__source_id_fof_07978,42,N/A,NaN,sources/source_0577_CEERS__source_id_fof_07978.html
CEERS__source_id_fof_07982,51,N/A,NaN,sources/source_0578_CEERS__source_id_fof_07982.html
CEERS__source_id_fof_07984,55,N/A,NaN,sources/source_0579_CEERS__source_id_fof_07984.html
CEERS__source_id_fof_07987,65,N/A,NaN,sources/source_0580_CEERS__source_id_fof_07987.html
CEERS__source_id_fof_07991,74,N/A,NaN,sources/source_0581_CEERS__source_id_fof_07991.html
CEERS__source_id_fof_07993,81,N/A,NaN,sources/source_0582_CEERS__source_id_fof_07993.html
CEERS__source_id_fof_07994,88,N/A,NaN,sources/source_0583_CEERS__source_id_fof_07994.html
CEERS__source_id_fof_07997,91,N/A,NaN,sources/source_0584_CEERS__source_id_fof_07997.html
CEERS__source_id_fof_07998,95,N/A,NaN,sources/source_0585_CEERS__source_id_fof_07998.html
CEERS__source_id_fof_07999,96,N/A,NaN,sources/source_0586_CEERS__source_id_fof_07999.html
CEERS__source_id_fof_08000,97,N/A,NaN,sources/source_0587_CEERS__source_id_fof_08000.html
CEERS__source_id_fof_08001,9,N/A,NaN,sources/source_0588_CEERS__source_id_fof_08001.html
CEERS__source_id_fof_08041,11668,N/A,NaN,sources/source_0589_CEERS__source_id_fof_08041.html
CEERS__source_id_fof_08051,11912,N/A,NaN,sources/source_0590_CEERS__source_id_fof_08051.html
CEERS__source_id_fof_08073,12897,N/A,NaN,sources/source_0591_CEERS__source_id_fof_08073.html
CEERS__source_id_fof_08131,14998,N/A,NaN,sources/source_0592_CEERS__source_id_fof_08131.html
CEERS__source_id_fof_08404,31486,N/A,NaN,sources/source_0593_CEERS__source_id_fof_08404.html
CEERS__source_id_fof_08453,35887,N/A,NaN,sources/source_0594_CEERS__source_id_fof_08453.html
CEERS__source_id_fof_08689,80024,N/A,NaN,sources/source_0595_CEERS__source_id_fof_08689.html
CEERS__source_id_fof_08711,80384,N/A,NaN,sources/source_0596_CEERS__source_id_fof_08711.html
CEERS__source_id_fof_08749,82085,N/A,NaN,sources/source_0597_CEERS__source_id_fof_08749.html
CEERS__source_id_fof_08773,83534,N/A,NaN,sources/source_0598_CEERS__source_id_fof_08773.html
CEERS__source_id_fof_08407,31739,N/A,0.1281,sources/source_0599_CEERS__source_id_fof_08407.html
CEERS__source_id_fof_08013,10607,N/A,0.1577,sources/source_0600_CEERS__source_id_fof_08013.html
CEERS__source_id_fof_08761,88,N/A,0.1934,sources/source_0601_CEERS__source_id_fof_08761.html
CEERS__source_id_fof_08272,23192,N/A,0.2030,sources/source_0602_CEERS__source_id_fof_08272.html
CEERS__source_id_fof_08122,14682,N/A,0.2263,sources/source_0603_CEERS__source_id_fof_08122.html
CEERS__source_id_fof_08123,14742,N/A,0.2854,sources/source_0604_CEERS__source_id_fof_08123.html
CEERS__source_id_fof_08674,757,N/A,0.3893,sources/source_0605_CEERS__source_id_fof_08674.html
CEERS__source_id_fof_08525,41821,N/A,0.4134,sources/source_0606_CEERS__source_id_fof_08525.html
CEERS__source_id_fof_08485,38794,N/A,0.4263,sources/source_0607_CEERS__source_id_fof_08485.html
CEERS__source_id_fof_08557,44780,N/A,0.4337,sources/source_0608_CEERS__source_id_fof_08557.html
CEERS__source_id_fof_07977,41,N/A,0.4783,sources/source_0609_CEERS__source_id_fof_07977.html
CEERS__source_id_fof_08707,80267,N/A,0.4829,sources/source_0610_CEERS__source_id_fof_08707.html
CEERS__source_id_fof_08694,80043,N/A,0.5227,sources/source_0611_CEERS__source_id_fof_08694.html
CEERS__source_id_fof_05203,1509,N/A,0.5262,sources/source_0612_CEERS__source_id_fof_05203.html
CEERS__source_id_fof_08565,45721,N/A,0.5393,sources/source_0613_CEERS__source_id_fof_08565.html
CEERS__source_id_fof_08517,41124,N/A,0.5588,sources/source_0614_CEERS__source_id_fof_08517.html
CEERS__source_id_fof_08563,45081,N/A,0.5896,sources/source_0615_CEERS__source_id_fof_08563.html
CEERS__source_id_fof_08435,35028,N/A,0.6134,sources/source_0616_CEERS__source_id_fof_08435.html
CEERS__source_id_fof_08214,19539,N/A,0.6268,sources/source_0617_CEERS__source_id_fof_08214.html
CEERS__source_id_fof_08555,44055,N/A,0.6939,sources/source_0618_CEERS__source_id_fof_08555.html
CEERS__source_id_fof_08213,19368,N/A,0.7664,sources/source_0619_CEERS__source_id_fof_08213.html
CEERS__source_id_fof_08756,82294,N/A,0.7871,sources/source_0620_CEERS__source_id_fof_08756.html
CEERS__source_id_fof_08253,22231,N/A,0.7969,sources/source_0621_CEERS__source_id_fof_08253.html
CEERS__source_id_fof_08431,34645,N/A,0.8654,sources/source_0622_CEERS__source_id_fof_08431.html
CEERS__source_id_fof_08513,40,N/A,0.8789,sources/source_0623_CEERS__source_id_fof_08513.html
CEERS__source_id_fof_08466,37041,N/A,0.8858,sources/source_0624_CEERS__source_id_fof_08466.html
CEERS__source_id_fof_08366,29542,N/A,0.8954,sources/source_0625_CEERS__source_id_fof_08366.html
CEERS__source_id_fof_08301,25491,N/A,0.9246,sources/source_0626_CEERS__source_id_fof_08301.html
CEERS__source_id_fof_08456,35958,N/A,0.9275,sources/source_0627_CEERS__source_id_fof_08456.html
CEERS__source_id_fof_08640,663,N/A,0.9565,sources/source_0628_CEERS__source_id_fof_08640.html
CEERS__source_id_fof_08511,40879,N/A,0.9786,sources/source_0629_CEERS__source_id_fof_08511.html
CEERS__source_id_fof_08588,506,N/A,0.9879,sources/source_0630_CEERS__source_id_fof_08588.html
CEERS__source_id_fof_08216,19804,N/A,1.0030,sources/source_0631_CEERS__source_id_fof_08216.html
CEERS__source_id_fof_08245,2182,N/A,1.0376,sources/source_0632_CEERS__source_id_fof_08245.html
CEERS__source_id_fof_04361,113,N/A,1.0382,sources/source_0633_CEERS__source_id_fof_04361.html
CEERS__source_id_fof_08712,80386,N/A,1.0420,sources/source_0634_CEERS__source_id_fof_08712.html
CEERS__source_id_fof_08703,80220,N/A,1.0482,sources/source_0635_CEERS__source_id_fof_08703.html
CEERS__source_id_fof_08044,11739,N/A,1.0524,sources/source_0636_CEERS__source_id_fof_08044.html
CEERS__source_id_fof_08706,80250,N/A,1.2453,sources/source_0637_CEERS__source_id_fof_08706.html
CEERS__source_id_fof_08548,436,N/A,1.2500,sources/source_0638_CEERS__source_id_fof_08548.html
CEERS__source_id_fof_08428,34330,N/A,1.3084,sources/source_0639_CEERS__source_id_fof_08428.html
CEERS__source_id_fof_08601,31,N/A,1.3112,sources/source_0640_CEERS__source_id_fof_08601.html
CEERS__source_id_fof_08768,8340,N/A,1.3800,sources/source_0641_CEERS__source_id_fof_08768.html
CEERS__source_id_fof_08460,36570,N/A,1.4088,sources/source_0642_CEERS__source_id_fof_08460.html
CEERS__source_id_fof_08783,84553,N/A,1.4097,sources/source_0643_CEERS__source_id_fof_08783.html
CEERS__source_id_fof_08475,376,N/A,1.5089,sources/source_0644_CEERS__source_id_fof_08475.html
CEERS__source_id_fof_08426,34058,N/A,1.5091,sources/source_0645_CEERS__source_id_fof_08426.html
CEERS__source_id_fof_08598,529,N/A,1.5096,sources/source_0646_CEERS__source_id_fof_08598.html
CEERS__source_id_fof_08733,81011,N/A,1.5097,sources/source_0647_CEERS__source_id_fof_08733.html
CEERS__source_id_fof_08406,31591,N/A,1.5113,sources/source_0648_CEERS__source_id_fof_08406.html
CEERS__source_id_fof_08313,26139,N/A,1.5146,sources/source_0649_CEERS__source_id_fof_08313.html
CEERS__source_id_fof_08718,80567,N/A,1.5540,sources/source_0650_CEERS__source_id_fof_08718.html
CEERS__source_id_fof_08619,570,N/A,1.5562,sources/source_0651_CEERS__source_id_fof_08619.html
CEERS__source_id_fof_08458,36438,N/A,1.5973,sources/source_0652_CEERS__source_id_fof_08458.html
CEERS__source_id_fof_08055,12045,N/A,1.6724,sources/source_0653_CEERS__source_id_fof_08055.html
CEERS__source_id_fof_08321,26667,N/A,1.6894,sources/source_0654_CEERS__source_id_fof_08321.html
CEERS__source_id_fof_08518,4128,N/A,1.7432,sources/source_0655_CEERS__source_id_fof_08518.html
CEERS__source_id_fof_08454,35908,N/A,1.7433,sources/source_0656_CEERS__source_id_fof_08454.html
CEERS__source_id_fof_08687,160,N/A,1.7637,sources/source_0657_CEERS__source_id_fof_08687.html
CEERS__source_id_fof_08292,24610,N/A,1.8058,sources/source_0658_CEERS__source_id_fof_08292.html
CEERS__source_id_fof_08413,31979,N/A,1.8079,sources/source_0659_CEERS__source_id_fof_08413.html
CEERS__source_id_fof_08162,16873,N/A,1.8299,sources/source_0660_CEERS__source_id_fof_08162.html
CEERS__source_id_fof_08420,32792,N/A,1.8584,sources/source_0661_CEERS__source_id_fof_08420.html
CEERS__source_id_fof_08171,17301,N/A,1.8951,sources/source_0662_CEERS__source_id_fof_08171.html
CEERS__source_id_fof_08339,27630,N/A,1.9102,sources/source_0663_CEERS__source_id_fof_08339.html
CEERS__source_id_fof_08451,35871,N/A,1.9673,sources/source_0664_CEERS__source_id_fof_08451.html
CEERS__source_id_fof_08265,22726,N/A,1.9674,sources/source_0665_CEERS__source_id_fof_08265.html
CEERS__source_id_fof_08686,80008,N/A,2.0419,sources/source_0666_CEERS__source_id_fof_08686.html
CEERS__source_id_fof_08730,80942,N/A,2.2517,sources/source_0667_CEERS__source_id_fof_08730.html
CEERS__source_id_fof_08157,16772,N/A,2.3038,sources/source_0668_CEERS__source_id_fof_08157.html
CEERS__source_id_fof_08723,80610,N/A,2.3403,sources/source_0669_CEERS__source_id_fof_08723.html
CEERS__source_id_fof_08378,30189,N/A,2.4707,sources/source_0670_CEERS__source_id_fof_08378.html
CEERS__source_id_fof_08461,36697,N/A,2.5629,sources/source_0671_CEERS__source_id_fof_08461.html
CEERS__source_id_fof_08841,99,N/A,2.5924,sources/source_0672_CEERS__source_id_fof_08841.html
CEERS__source_id_fof_08145,16057,N/A,2.6993,sources/source_0673_CEERS__source_id_fof_08145.html
CEERS__source_id_fof_08244,21803,N/A,2.7918,sources/source_0674_CEERS__source_id_fof_08244.html
CEERS__source_id_fof_08788,84659,N/A,3.0457,sources/source_0675_CEERS__source_id_fof_08788.html
CEERS__source_id_fof_08701,80106,N/A,3.3446,sources/source_0676_CEERS__source_id_fof_08701.html
CEERS__source_id_fof_08697,80075,N/A,3.3475,sources/source_0677_CEERS__source_id_fof_08697.html
CEERS__source_id_fof_08662,733,N/A,3.5444,sources/source_0678_CEERS__source_id_fof_08662.html
CEERS__source_id_fof_08787,84616,N/A,3.6159,sources/source_0679_CEERS__source_id_fof_08787.html
CEERS__source_id_fof_08688,80023,N/A,3.7914,sources/source_0680_CEERS__source_id_fof_08688.html
CEERS__source_id_fof_08236,2158,N/A,4.2119,sources/source_0681_CEERS__source_id_fof_08236.html
CEERS__source_id_fof_08755,82186,N/A,5.1235,sources/source_0682_CEERS__source_id_fof_08755.html
CEERS__source_id_fof_08801,85567,N/A,5.1388,sources/source_0683_CEERS__source_id_fof_08801.html
CEERS__source_id_fof_08627,622,N/A,5.7297,sources/source_0684_CEERS__source_id_fof_08627.html
CEERS__source_id_fof_08731,263,N/A,5.9798,sources/source_0685_CEERS__source_id_fof_08731.html
CEERS__source_id_fof_08618,568,N/A,7.8479,sources/source_0686_CEERS__source_id_fof_08618.html
CEERS__source_id_fof_04307,853,N/A,9.6093,sources/source_0687_CEERS__source_id_fof_04307.html
CEERS__source_id_fof_07934,217,N/A,11.1781,sources/source_0688_CEERS__source_id_fof_07934.html
CEERS__source_id_fof_07931,0,N/A,16.3029,sources/source_0689_CEERS__source_id_fof_07931.html
