source_number,project,source_id,spectrum_number,spectrum_file,grating,oiii_snr,ha_snr,reviewer,evaluation,timestamp
1,GLIMPSE,GLIMPSE_9223_329380,1,glimpse-obs01b-v4_g395m-f290lp_9223_329380.spec.fits,G395M,108.21240540401428,99.58215269186255,,,
2,AURORA,AURORA_1914_4740,1,aurora-gdn01-v4_g235m-f170lp_1914_4740.spec.fits,G235M,91.25455823514015,104.71646395231706,,,
2,AURORA,AURORA_1914_4740,2,aurora-gdn01-v4_g140m-f100lp_1914_4740.spec.fits,G140M,103.44103878778093,,,,
2,AURORA,AURORA_1914_4740,3,aurora-gdn01-v4_g395m-f290lp_1914_4740.spec.fits,G395M,,15.422715141926188,,,
3,VALENTINO,VALENTINO_3567_793,1,valentino-obs10-v4_g235m-f170lp_3567_793.spec.fits,G235M,103.30481140324622,93.53477050180118,,,
4,MACS1149,MACS1149_2758_60001,1,macs1149-stiavelli2-v4_g395m-f290lp_2758_60001.spec.fits,G395M,87.75022470443301,102.3427228315825,,,
4,MACS1149,MACS1149_2758_60001,2,macs1149-stiavelli2-v4_g235m-f170lp_2758_60001.spec.fits,G235M,91.90191714075688,99.96476069082779,,,
5,CECILIA,CECILIA_2593_4,1,cecilia-v4_g235m-f170lp_2593_4.spec.fits,G235M,70.77778703193245,101.4590630990177,,,
5,CECILIA,CECILIA_2593_4,2,cecilia-v4_g395m-f290lp_2593_4.spec.fits,N/A,,,,,
6,JADES,JADES_1181_68797,1,jades-gdn198-v4_g395h-f290lp_1181_68797.spec.fits,G395H,75.43051088176624,100.48263385679269,,,
6,JADES,JADES_1181_68797,2,jades-gdn-v4_g395h-f290lp_1181_68797.spec.fits,G395H,79.76085277954358,88.01518533037839,,,
6,JADES,JADES_1181_68797,3,jades-gdn-v4_g395m-f290lp_1181_68797.spec.fits,G395M,54.52582041949935,79.29559553638072,,,
6,JADES,JADES_1181_68797,4,jades-gdn198-v4_g395m-f290lp_1181_68797.spec.fits,G395M,58.323073610101105,75.651220760722,,,
6,JADES,JADES_1181_68797,5,jades-gdn-v4_g235m-f170lp_1181_68797.spec.fits,G235M,61.37634517899341,,,,
6,JADES,JADES_1181_68797,6,jades-gdn198-v4_g235m-f170lp_1181_68797.spec.fits,G235M,59.48473123771151,,,,
6,JADES,JADES_1181_68797,7,jades-gdn198-v4_prism-clear_1181_68797.spec.fits,PRISM,54.3264242774021,,,,
6,JADES,JADES_1181_68797,8,jades-gdn-v4_prism-clear_1181_68797.spec.fits,PRISM,53.403542648279625,,,,
6,JADES,JADES_1181_68797,9,jades-gdn-v4_g140m-f070lp_1181_68797.spec.fits,N/A,,,,,
6,JADES,JADES_1181_68797,10,jades-gdn198-v4_g140m-f070lp_1181_68797.spec.fits,N/A,,,,,
7,AURORA,AURORA_1914_26798,1,aurora-gdn02-v4_g140m-f100lp_1914_26798.spec.fits,G140M,72.68508872890287,99.7985556417551,,,
7,AURORA,AURORA_1914_26798,2,aurora-gdn02-v4_g235m-f170lp_1914_26798.spec.fits,G235M,54.488930616001376,87.6500940965448,,,
7,AURORA,AURORA_1914_26798,3,aurora-gdn02-v4_g395m-f290lp_1914_26798.spec.fits,N/A,,,,,
8,BLUEJAY,BLUEJAY_1810_10314,1,bluejay-south-v4_g140m-f100lp_1810_10314.spec.fits,G140M,57.72612060897157,99.72130915617574,,,
8,BLUEJAY,BLUEJAY_1810_10314,2,bluejay-south-v4_g235m-f170lp_1810_10314.spec.fits,G235M,,81.6231161087341,,,
8,BLUEJAY,BLUEJAY_1810_10314,3,bluejay-south-v4_g395m-f290lp_1810_10314.spec.fits,N/A,,,,,
9,COSMOS,COSMOS_1879_1295,1,cosmos-curti-v4_g140m-f100lp_1879_1295.spec.fits,G140M,75.19936010303736,98.24241123205165,,,
9,COSMOS,COSMOS_1879_1295,2,cosmos-curti-v4_g235h-f170lp_1879_1295.spec.fits,G235H,,81.61465006356414,,,
9,COSMOS,COSMOS_1879_1295,3,cosmos-curti-v4_g235m-f170lp_1879_1295.spec.fits,G235M,41.93240054789543,80.69326460525774,,,
10,AURORA,AURORA_1914_921842,1,aurora-gdn02-v4_g235m-f170lp_1914_921842.spec.fits,G235M,91.20881707273021,97.71275936789172,,,
10,AURORA,AURORA_1914_921842,2,aurora-gdn02-v4_g140m-f100lp_1914_921842.spec.fits,G140M,94.13234730157072,,,,
10,AURORA,AURORA_1914_921842,3,aurora-gdn02-v4_g395m-f290lp_1914_921842.spec.fits,G395M,,21.442058413753355,,,
11,MACS1149,MACS1149_2758_40149,1,macs1149-stiavelli2-v4_g235m-f170lp_2758_40149.spec.fits,G235M,95.29830766197415,,,,
11,MACS1149,MACS1149_2758_40149,2,macs1149-stiavelli2-v4_g395m-f290lp_2758_40149.spec.fits,G395M,87.83909727957082,85.33325141523943,,,
12,CECILIA,CECILIA_2593_25,1,cecilia-v4_g235m-f170lp_2593_25.spec.fits,G235M,45.00777286474481,95.20735750384937,,,
12,CECILIA,CECILIA_2593_25,2,cecilia-v4_g395m-f290lp_2593_25.spec.fits,N/A,,,,,
13,BLUEJAY,BLUEJAY_1810_8002,1,bluejay-south-v4_g140m-f100lp_1810_8002.spec.fits,G140M,16.952478084309174,93.39439206102173,,,
13,BLUEJAY,BLUEJAY_1810_8002,2,bluejay-south-v4_g235m-f170lp_1810_8002.spec.fits,G235M,10.098645040481513,75.00070569925556,,,
13,BLUEJAY,BLUEJAY_1810_8002,3,bluejay-south-v4_g395m-f290lp_1810_8002.spec.fits,N/A,,,,,
14,LYC22,LYC22_1869_2009,1,lyc22-schaerer-12-v4_g235m-f170lp_1869_2009.spec.fits,G235M,77.53072628321151,92.81988129604895,,,
14,LYC22,LYC22_1869_2009,2,lyc22-schaerer-12-v4_g140m-f100lp_1869_2009.spec.fits,G140M,65.39464478308297,,,,
15,AURORA,AURORA_1914_8769,1,aurora-gdn01-v4_g235m-f170lp_1914_8769.spec.fits,G235M,87.91920321961874,92.48020752327554,,,
15,AURORA,AURORA_1914_8769,2,aurora-gdn01-v4_g395m-f290lp_1914_8769.spec.fits,G395M,,85.2732728404396,,,
15,AURORA,AURORA_1914_8769,3,aurora-gdn01-v4_g140m-f100lp_1914_8769.spec.fits,N/A,,,,,
16,AURORA,AURORA_1914_927605,1,aurora-gdn02-v4_g235m-f170lp_1914_927605.spec.fits,G235M,92.13901155362655,82.85139166483546,,,
16,AURORA,AURORA_1914_927605,2,aurora-gdn02-v4_g140m-f100lp_1914_927605.spec.fits,G140M,89.0225020838664,,,,
16,AURORA,AURORA_1914_927605,3,aurora-gdn02-v4_g395m-f290lp_1914_927605.spec.fits,N/A,,,,,
17,GS,GS-200679,1,gds-udeep-v4_g395m-f290lp_3215_200679.spec.fits,G395M,66.48957175434973,92.1204119246852,,,
17,GS,GS-200679,2,gds-udeep-v4_prism-clear_3215_200679.spec.fits,PRISM,67.80377900915686,,,,
17,GS,GS-200679,3,gds-udeep-v4_g140m-f070lp_3215_200679.spec.fits,N/A,,,,,
18,MACS1149,MACS1149_2758_60003,1,macs1149-stiavelli2-v4_g235m-f170lp_2758_60003.spec.fits,G235M,91.94936254432959,90.4214439920152,,,
18,MACS1149,MACS1149_2758_60003,2,macs1149-stiavelli2-v4_g395m-f290lp_2758_60003.spec.fits,G395M,,82.39941059599957,,,
19,BLUEJAY,BLUEJAY_1810_19945,1,bluejay-north-v4_g235m-f170lp_1810_19945.spec.fits,G235M,91.73869957756295,,,,
19,BLUEJAY,BLUEJAY_1810_19945,2,bluejay-north-v4_g395m-f290lp_1810_19945.spec.fits,G395M,79.5220212324103,41.008600299770464,,,
19,BLUEJAY,BLUEJAY_1810_19945,3,bluejay-north-v4_g140m-f100lp_1810_19945.spec.fits,N/A,,,,,
20,GLASS,GLASS_1324_160133,1,abell2744-glass-v4_g395h-f290lp_1324_160133.spec.fits,G395H,,91.67917186985267,,,
20,GLASS,GLASS_1324_160133,2,abell2744-glass-v4_g235h-f170lp_1324_160133.spec.fits,G235H,86.23737707289503,,,,
20,GLASS,GLASS_1324_160133,3,abell2744-ddt-v4_prism-clear_2756_160133.spec.fits,PRISM,43.12702881753659,,,,
20,GLASS,GLASS_1324_160133,4,abell2744-glass-v4_g140h-f100lp_1324_160133.spec.fits,N/A,,,,,
21,GS,GS-159438,1,jades-gds06-v4_g235m-f170lp_1286_159438.spec.fits,G235M,91.0868830641502,87.5033510626504,,,
21,GS,GS-159438,2,jades-gds06-v4_g140m-f070lp_1286_159438.spec.fits,G140M,86.62216750843722,,,,
21,GS,GS-159438,3,jades-gds06-v4_g395m-f290lp_1286_159438.spec.fits,G395M,,58.72905641482128,,,
21,GS,GS-159438,4,jades-gds06-v4_g395h-f290lp_1286_159438.spec.fits,N/A,,,,,
21,GS,GS-159438,5,jades-gds06-v4_prism-clear_1286_159438.spec.fits,N/A,,,,,
22,EXCELS,EXCELS_3543_67887,1,excels-uds03-v4_g395m-f290lp_3543_67887.spec.fits,G395M,,91.04973066457607,,,
23,BLUEJAY,BLUEJAY_1810_11337,1,bluejay-south-v4_g140m-f100lp_1810_11337.spec.fits,G140M,90.99152614916098,81.07219825501961,,,
23,BLUEJAY,BLUEJAY_1810_11337,2,bluejay-south-v4_g235m-f170lp_1810_11337.spec.fits,N/A,,,,,
23,BLUEJAY,BLUEJAY_1810_11337,3,bluejay-south-v4_g395m-f290lp_1810_11337.spec.fits,N/A,,,,,
24,BLUEJAY,BLUEJAY_1810_12148,1,bluejay-south-v4_g140m-f100lp_1810_12148.spec.fits,G140M,77.70442816063708,90.44479627796603,,,
24,BLUEJAY,BLUEJAY_1810_12148,2,bluejay-south-v4_g235m-f170lp_1810_12148.spec.fits,G235M,14.223102864456337,68.5347140354955,,,
24,BLUEJAY,BLUEJAY_1810_12148,3,bluejay-south-v4_g395m-f290lp_1810_12148.spec.fits,N/A,,,,,
25,VALENTINO,VALENTINO_3567_53035,1,valentino-egs-v4_g235m-f170lp_3567_53035.spec.fits,G235M,76.34761142964646,89.37675372752358,,,
26,JADES,JADES_1181_78773,1,jades-gdn09-v4_g395h-f290lp_1181_78773.spec.fits,G395H,88.84442550560195,80.6506197223169,,,
26,JADES,JADES_1181_78773,2,jades-gdn09-v4_g235m-f170lp_1181_78773.spec.fits,G235M,76.33229951385157,55.478691919260086,,,
26,JADES,JADES_1181_78773,3,jades-gdn09-v4_g395m-f290lp_1181_78773.spec.fits,G395M,75.47608795803859,73.66102752099232,,,
26,JADES,JADES_1181_78773,4,jades-gdn09-v4_prism-clear_1181_78773.spec.fits,PRISM,61.67354933771958,,,,
26,JADES,JADES_1181_78773,5,jades-gdn09-v4_g140m-f070lp_1181_78773.spec.fits,N/A,,,,,
27,JADES,JADES_1181_23924,1,jades-gdn2-v4_g140m-f070lp_1181_23924.spec.fits,G140M,88.00843810104494,71.08124026543462,,,
27,JADES,JADES_1181_23924,2,jades-gdn2-v4_g235m-f170lp_1181_23924.spec.fits,G235M,,57.01628321034797,,,
27,JADES,JADES_1181_23924,3,jades-gdn2-v4_g395m-f290lp_1181_23924.spec.fits,N/A,,,,,
27,JADES,JADES_1181_23924,4,jades-gdn2-v4_prism-clear_1181_23924.spec.fits,N/A,,,,,
28,VALENTINO,VALENTINO_3567_217057,1,valentino-cosmos02-v4_g235m-f170lp_3567_217057.spec.fits,G235M,60.76991100947195,87.74053861435239,,,
29,LYC22,LYC22_1869_20013,1,lyc22-schaerer-03-v4_g235m-f170lp_1869_20013.spec.fits,G235M,65.20354201422273,86.94734601522812,,,
29,LYC22,LYC22_1869_20013,2,lyc22-schaerer-03-v4_g140m-f100lp_1869_20013.spec.fits,G140M,59.05288747552838,69.23368518627548,,,
30,GLIMPSE,GLIMPSE_9223_26653,1,glimpse-obs02-v4_g395m-f290lp_9223_26653.spec.fits,G395M,81.62019200908797,86.15250368812477,,,
31,LYC22,LYC22_1869_20081,1,lyc22-schaerer-03-v4_g140m-f100lp_1869_20081.spec.fits,G140M,86.00074228458433,68.01879340306658,,,
31,LYC22,LYC22_1869_20081,2,lyc22-schaerer-03-v4_g235m-f170lp_1869_20081.spec.fits,G235M,84.18565280859683,85.25724047028727,,,
32,JADES,JADES_1181_28074,1,jades-gdn2-v4_g235m-f170lp_1181_28074.spec.fits,G235M,74.8505046672701,84.63971044520699,,,
32,JADES,JADES_1181_28074,2,jades-gdn2-v4_g140m-f070lp_1181_28074.spec.fits,G140M,67.51523879654874,66.6577309054416,,,
32,JADES,JADES_1181_28074,3,jades-gdn2-v4_g395m-f290lp_1181_28074.spec.fits,N/A,,,,,
32,JADES,JADES_1181_28074,4,jades-gdn2-v4_prism-clear_1181_28074.spec.fits,N/A,,,,,
33,VALENTINO,VALENTINO_3567_10480,1,valentino-cosmos02-v4_g235m-f170lp_3567_10480.spec.fits,G235M,59.62997330784976,84.02662080482517,,,
34,MACS1149,MACS1149_1199_20024,1,macs1149-stiavelli-v4_g235m-f170lp_1199_20024.spec.fits,G235M,54.38291476949345,81.48941232292484,,,
34,MACS1149,MACS1149_1199_20024,2,macs1149-stiavelli-v4_g395m-f290lp_1199_20024.spec.fits,G395M,,68.24809877635684,,,
35,JADES,JADES_1181_11836,1,jades-gdn11-v4_g235m-f170lp_1181_11836.spec.fits,G235M,81.03188394116151,61.843408978563225,,,
35,JADES,JADES_1181_11836,2,jades-gdn11-v4_g395h-f290lp_1181_11836.spec.fits,G395H,,77.39095128533783,,,
35,JADES,JADES_1181_11836,3,jades-gdn11-v4_g395m-f290lp_1181_11836.spec.fits,G395M,6.085746284047013,69.23940696574127,,,
35,JADES,JADES_1181_11836,4,jades-gdn11-v4_prism-clear_1181_11836.spec.fits,PRISM,65.91452627374305,,,,
35,JADES,JADES_1181_11836,5,jades-gdn11-v4_g140m-f070lp_1181_11836.spec.fits,N/A,,,,,
36,GN,GN-29648,1,jades-gdn11-v4_g235m-f170lp_1181_29648.spec.fits,G235M,64.7004616838424,80.04896359713739,,,
36,GN,GN-29648,2,jades-gdn11-v4_g140m-f070lp_1181_29648.spec.fits,G140M,59.99749181223882,,,,
36,GN,GN-29648,3,jades-gdn11-v4_g395h-f290lp_1181_29648.spec.fits,N/A,,,,,
36,GN,GN-29648,4,jades-gdn11-v4_g395m-f290lp_1181_29648.spec.fits,N/A,,,,,
36,GN,GN-29648,5,jades-gdn11-v4_prism-clear_1181_29648.spec.fits,N/A,,,,,
37,BLUEJAY,BLUEJAY_1810_7102,1,bluejay-south-v4_g235m-f170lp_1810_7102.spec.fits,G235M,64.32580885735995,79.95050665056728,,,
37,BLUEJAY,BLUEJAY_1810_7102,2,bluejay-south-v4_g140m-f100lp_1810_7102.spec.fits,G140M,74.78623188741174,,,,
37,BLUEJAY,BLUEJAY_1810_7102,3,bluejay-south-v4_g395m-f290lp_1810_7102.spec.fits,G395M,,49.38964687553458,,,
38,JADES,JADES_1286_30148179,1,jades-gds08-v4_g395h-f290lp_1286_30148179.spec.fits,G395H,79.52619543926185,,,,
38,JADES,JADES_1286_30148179,2,jades-gds08-v4_g395m-f290lp_1286_30148179.spec.fits,G395M,67.52922778314372,49.32417713328792,,,
38,JADES,JADES_1286_30148179,3,jades-gds08-v4_g235m-f170lp_1286_30148179.spec.fits,G235M,62.464750401166555,,,,
38,JADES,JADES_1286_30148179,4,jades-gds08-v4_prism-clear_1286_30148179.spec.fits,PRISM,61.466264513101834,,,,
38,JADES,JADES_1286_30148179,5,jades-gds-wide-v4_g395m-f290lp_1180_9833.spec.fits,G395M,55.60814269252886,36.92959469420107,,,
38,JADES,JADES_1286_30148179,6,jades-gds-wide3-v4_prism-clear_1180_9833.spec.fits,PRISM,55.14103508479197,,,,
38,JADES,JADES_1286_30148179,7,jades-gds-wide-v4_g235m-f170lp_1180_9833.spec.fits,G235M,47.290855171432476,,,,
38,JADES,JADES_1286_30148179,8,jades-gds-wide-v4_g140m-f070lp_1180_9833.spec.fits,N/A,,,,,
38,JADES,JADES_1286_30148179,9,jades-gds08-v4_g140m-f070lp_1286_30148179.spec.fits,N/A,,,,,
39,EXCELS,EXCELS_3543_89922,1,excels-uds02-v4_g235m-f170lp_3543_89922.spec.fits,G235M,52.655137248416764,78.69876405942084,,,
40,JADES,JADES_1181_34145,1,jades-gdn2-v4_g140m-f070lp_1181_34145.spec.fits,G140M,78.67979551003444,33.56694207393608,,,
40,JADES,JADES_1181_34145,2,jades-gdn2-v4_g235m-f170lp_1181_34145.spec.fits,N/A,,,,,
40,JADES,JADES_1181_34145,3,jades-gdn2-v4_g395m-f290lp_1181_34145.spec.fits,N/A,,,,,
40,JADES,JADES_1181_34145,4,jades-gdn2-v4_prism-clear_1181_34145.spec.fits,N/A,,,,,
41,CECILIA,CECILIA_2593_29,1,cecilia-v4_g235m-f170lp_2593_29.spec.fits,G235M,47.754202267745804,78.65671677299297,,,
41,CECILIA,CECILIA_2593_29,2,cecilia-v4_g395m-f290lp_2593_29.spec.fits,N/A,,,,,
42,JADES,JADES_1286_179198,1,jades-gds02-v4_g235m-f170lp_1286_179198.spec.fits,G235M,78.57840426251174,,,,
42,JADES,JADES_1286_179198,2,jades-gds02-v4_g395m-f290lp_1286_179198.spec.fits,G395M,,70.71117917536426,,,
42,JADES,JADES_1286_179198,3,jades-gds02-v4_g395h-f290lp_1286_179198.spec.fits,G395H,,70.04312370402357,,,
42,JADES,JADES_1286_179198,4,jades-gds02-v4_g140m-f070lp_1286_179198.spec.fits,G140M,60.81225833374778,,,,
42,JADES,JADES_1286_179198,5,gds-barrufet-s67-v4_prism-clear_2198_3583.spec.fits,N/A,,,,,
42,JADES,JADES_1286_179198,6,jades-gds02-v4_prism-clear_1286_179198.spec.fits,N/A,,,,,
42,JADES,JADES_1286_179198,7,jades-gds06-v4_prism-clear_1286_179198.spec.fits,N/A,,,,,
43,GDS,GDS_1210_9515,1,gds-deep-v4_g395h-f290lp_1210_9515.spec.fits,G395H,,77.80913202764235,,,
43,GDS,GDS_1210_9515,2,gds-deep-v4_g395m-f290lp_1210_9515.spec.fits,G395M,62.77192611688062,76.33204145978142,,,
43,GDS,GDS_1210_9515,3,gds-deep-v4_prism-clear_1210_9515.spec.fits,PRISM,71.02823332029786,,,,
43,GDS,GDS_1210_9515,4,gds-deep-v4_g235m-f170lp_1210_9515.spec.fits,G235M,,63.297584888783355,,,
43,GDS,GDS_1210_9515,5,gds-deep-v4_g140m-f070lp_1210_9515.spec.fits,N/A,,,,,
44,EXCELS,EXCELS_3543_42268,1,excels-uds04-v4_g395m-f290lp_3543_42268.spec.fits,G395M,,76.98604701727004,,,
45,RUBIES,RUBIES-UDS-48507,1,rubies-uds3-v4_g395m-f290lp_4233_48507.spec.fits,G395M,,76.80704069717792,,,
46,CANTALUPO,CANTALUPO_1835_2044,1,cantalupo-filament-02-v4_g235h-f170lp_1835_2044.spec.fits,G235H,76.39652198824119,63.00036864996973,,,
47,BLUEJAY,BLUEJAY_1810_7185,1,bluejay-south-v4_g140m-f100lp_1810_7185.spec.fits,G140M,76.18601150254628,71.46770037591341,,,
47,BLUEJAY,BLUEJAY_1810_7185,2,bluejay-south-v4_g235m-f170lp_1810_7185.spec.fits,G235M,,64.5123596388519,,,
47,BLUEJAY,BLUEJAY_1810_7185,3,bluejay-south-v4_g395m-f290lp_1810_7185.spec.fits,N/A,,,,,
48,GLIMPSE,GLIMPSE_9223_34789,1,glimpse-obs01-v4_g395m-f290lp_9223_34789.spec.fits,G395M,,76.1813780992609,,,
48,GLIMPSE,GLIMPSE_9223_34789,2,glimpse-obs01b-v4_g395m-f290lp_9223_34789.spec.fits,G395M,,73.80319069063242,,,
49,JADES,JADES_1181_73488,1,jades-gdn09-v4_g395h-f290lp_1181_73488.spec.fits,G395H,,75.75896145904098,,,
49,JADES,JADES_1181_73488,2,jades-gdn09-v4_g235m-f170lp_1181_73488.spec.fits,G235M,58.94455279620288,73.51614827904493,,,
49,JADES,JADES_1181_73488,3,jades-gdn09-v4_g395m-f290lp_1181_73488.spec.fits,G395M,,70.38001203706558,,,
49,JADES,JADES_1181_73488,4,jades-gdn09-v4_prism-clear_1181_73488.spec.fits,PRISM,43.80789734405234,,,,
49,JADES,JADES_1181_73488,5,jades-gdn09-v4_g140m-f070lp_1181_73488.spec.fits,N/A,,,,,
50,BLUEJAY,BLUEJAY_1810_8280,1,bluejay-south-v4_g140m-f100lp_1810_8280.spec.fits,G140M,,75.69964457301465,,,
50,BLUEJAY,BLUEJAY_1810_8280,2,bluejay-south-v4_g235m-f170lp_1810_8280.spec.fits,G235M,11.032796475057697,64.94670240228955,,,
50,BLUEJAY,BLUEJAY_1810_8280,3,bluejay-south-v4_g395m-f290lp_1810_8280.spec.fits,N/A,,,,,
51,AURORA,AURORA_1914_928583,1,aurora-gdn02-v4_g235m-f170lp_1914_928583.spec.fits,G235M,64.51124948496197,75.40746862250838,,,
51,AURORA,AURORA_1914_928583,2,aurora-gdn02-v4_g395m-f290lp_1914_928583.spec.fits,G395M,,74.13013637783573,,,
51,AURORA,AURORA_1914_928583,3,aurora-gdn02-v4_g140m-f100lp_1914_928583.spec.fits,N/A,,,,,
52,VALENTINO,VALENTINO_3567_51909,1,valentino-obs19-v4_g235m-f170lp_3567_51909.spec.fits,G235M,50.35096032518127,74.8884730211719,,,
53,COSMOS,COSMOS_4318_126891,1,cosmos-alpha-v4_g235m-f170lp_4318_126891.spec.fits,G235M,74.71425996200655,52.773745716460255,,,
53,COSMOS,COSMOS_4318_126891,2,cosmos-alpha-v4_g395m-f290lp_4318_126891.spec.fits,G395M,,67.3136099127855,,,
54,JADES,JADES_1286_180575,1,jades-gds06-v4_g395h-f290lp_1286_180575.spec.fits,G395H,,74.21733288192019,,,
54,JADES,JADES_1286_180575,2,jades-gds06-v4_g235m-f170lp_1286_180575.spec.fits,G235M,39.61726163077657,72.46029779017249,,,
54,JADES,JADES_1286_180575,3,jades-gds06-v4_g395m-f290lp_1286_180575.spec.fits,G395M,,62.246817974871384,,,
54,JADES,JADES_1286_180575,4,jades-gds06-v4_g140m-f070lp_1286_180575.spec.fits,G140M,24.908390072735685,,,,
54,JADES,JADES_1286_180575,5,gds-barrufet-s67-v4_prism-clear_2198_3821.spec.fits,N/A,,,,,
54,JADES,JADES_1286_180575,6,jades-gds06-v4_prism-clear_1286_180575.spec.fits,N/A,,,,,
55,GDN,GDN_2674_32,1,gdn-pah123-v4_g395m-f290lp_2674_32.spec.fits,G395M,74.0778802460259,61.96008676676004,,,
56,JADES,JADES_1181_64818,1,jades-gdn2-v4_g140m-f070lp_1181_64818.spec.fits,G140M,53.40525040327536,73.91489728419396,,,
56,JADES,JADES_1181_64818,2,jades-gdn2-v4_g235m-f170lp_1181_64818.spec.fits,N/A,,,,,
56,JADES,JADES_1181_64818,3,jades-gdn2-v4_g395m-f290lp_1181_64818.spec.fits,N/A,,,,,
56,JADES,JADES_1181_64818,4,jades-gdn2-v4_prism-clear_1181_64818.spec.fits,N/A,,,,,
57,RUBIES,RUBIES-UDS-153207,1,rubies-uds32-v4_g395m-f290lp_4233_153207.spec.fits,G395M,,73.66866004841985,,,
57,RUBIES,RUBIES-UDS-153207,2,rubies-uds32-v4_prism-clear_4233_153207.spec.fits,N/A,,,,,
58,RUBIES,RUBIES-UDS-35974,1,rubies-uds43-v4_g395m-f290lp_4233_35974.spec.fits,G395M,,72.80548353050469,,,
58,RUBIES,RUBIES-UDS-35974,2,rubies-uds43-v4_prism-clear_4233_35974.spec.fits,PRISM,45.86266372921957,,,,
59,CEERS,CEERS-397,1,ceers-v4_g235m-f170lp_1345_397.spec.fits,G235M,72.7021564548593,,,,
59,CEERS,CEERS-397,2,ceers-v4_g395m-f290lp_1345_397.spec.fits,G395M,70.84158757165105,55.52935730752677,,,
59,CEERS,CEERS-397,3,rubies-egs62-v4_g395m-f290lp_4233_69412.spec.fits,G395M,61.22183389873209,40.82240086736664,,,
59,CEERS,CEERS-397,4,ceers-v4_prism-clear_1345_397.spec.fits,PRISM,61.031122967046876,,,,
59,CEERS,CEERS-397,5,rubies-egs62-v4_prism-clear_4233_69412.spec.fits,PRISM,56.70675953255533,,,,
59,CEERS,CEERS-397,6,ceers-v4_g140m-f100lp_1345_397.spec.fits,N/A,,,,,
60,EGS,EGS-34978,1,rubies-egs53-v4_g395m-f290lp_4233_34978.spec.fits,G395M,,72.38443334754292,,,
61,VALENTINO,VALENTINO_3567_24,1,valentino-obs10-v4_g235m-f170lp_3567_24.spec.fits,G235M,37.96119532368176,71.92979055228282,,,
62,J0910,J0910_2028_14324,1,j0910-wang-v4_g395m-f290lp_2028_14324.spec.fits,G395M,38.453560521032095,71.48252480565878,,,
62,J0910,J0910_2028_14324,2,j0910-wang-v4_prism-clear_2028_14324.spec.fits,PRISM,35.6558767698948,,,,
63,AURORA,AURORA_1914_6124,1,aurora-gdn01-v4_g235m-f170lp_1914_6124.spec.fits,G235M,59.92423548338507,70.87839684537894,,,
63,AURORA,AURORA_1914_6124,2,aurora-gdn01-v4_g395m-f290lp_1914_6124.spec.fits,G395M,,55.10827048227929,,,
63,AURORA,AURORA_1914_6124,3,aurora-gdn01-v4_g140m-f100lp_1914_6124.spec.fits,G140M,45.638861551418636,,,,
64,RUBIES,RUBIES_4233_30969,1,rubies-uds43-v4_g395m-f290lp_4233_30969.spec.fits,G395M,,70.48461833894278,,,
65,EXCELS,EXCELS_3543_102901,1,excels-uds01-v4_g235m-f170lp_3543_102901.spec.fits,G235M,,70.24268004481694,,,
65,EXCELS,EXCELS_3543_102901,2,mom-uds01-v4_prism-clear_5224_135054.spec.fits,N/A,,,,,
66,RUBIES,RUBIES-UDS-46566,1,rubies-uds3-v4_g395m-f290lp_4233_46566.spec.fits,G395M,,70.09914282556895,,,
66,RUBIES,RUBIES-UDS-46566,2,rubies-uds3-v4_prism-clear_4233_46566.spec.fits,N/A,,,,,
67,EGS,EGS-952625,1,rubies-egs61-v4_g395m-f290lp_4233_952625.spec.fits,G395M,52.48790248419237,69.78912836385798,,,
67,EGS,EGS-952625,2,rubies-egs61-v4_prism-clear_4233_952625.spec.fits,PRISM,13.56392855572433,,,,
68,GLIMPSE,GLIMPSE_9223_43084,1,glimpse-obs01b-v4_g395m-f290lp_9223_43084.spec.fits,G395M,,69.33886900190063,,,
69,MACS0416,MACS0416_4750_60003,1,macs0416-nakajima-v4_g395m-f290lp_4750_60003.spec.fits,G395M,42.556996327818055,68.99756656834877,,,
69,MACS0416,MACS0416_4750_60003,2,macs0416-nakajima-v4_g140m-f070lp_4750_60003.spec.fits,N/A,,,,,
69,MACS0416,MACS0416_4750_60003,3,macs0416-v4_prism-clear_1208_3108879.spec.fits,N/A,,,,,
70,JADES,JADES_1181_38147,1,jades-gdn-v4_g395h-f290lp_1181_38147.spec.fits,G395H,68.73699994860685,,,,
70,JADES,JADES_1181_38147,2,jades-gdn-v4_g395m-f290lp_1181_38147.spec.fits,G395M,58.25584629928925,57.631356643204086,,,
70,JADES,JADES_1181_38147,3,jades-gdn-v4_g235m-f170lp_1181_38147.spec.fits,G235M,53.69952711341022,,,,
70,JADES,JADES_1181_38147,4,jades-gdn198-v4_prism-clear_1181_38147.spec.fits,PRISM,51.98984298697859,,,,
70,JADES,JADES_1181_38147,5,jades-gdn-v4_prism-clear_1181_38147.spec.fits,PRISM,50.25586757270705,,,,
70,JADES,JADES_1181_38147,6,jades-gdn-v4_g140m-f070lp_1181_38147.spec.fits,N/A,,,,,
71,RUBIES,RUBIES-UDS-46885,1,rubies-uds3-v4_g395m-f290lp_4233_46885.spec.fits,G395M,,68.5853834179441,,,
72,GDS,GDS_1207_209962,1,gds-rieke-v4_g235m-f170lp_1207_209962.spec.fits,G235M,7.5912469275616505,68.4914565033256,,,
72,GDS,GDS_1207_209962,2,gds-rieke-v4_g140m-f100lp_1207_209962.spec.fits,G140M,18.522269746452636,57.0454826956881,,,
73,RUBIES,RUBIES_4233_8895,1,rubies-uds42-v4_g395m-f290lp_4233_8895.spec.fits,G395M,,68.27972079188055,,,
73,RUBIES,RUBIES_4233_8895,2,rubies-uds42-v4_prism-clear_4233_8895.spec.fits,N/A,,,,,
74,VALENTINO,VALENTINO_3567_18,1,valentino-obs08-v4_g235m-f170lp_3567_18.spec.fits,G235M,67.88072364578632,46.17356343718076,,,
75,JADES,JADES_1181_26194,1,jades-gdn11-v4_g235m-f170lp_1181_26194.spec.fits,G235M,,67.61056065203893,,,
75,JADES,JADES_1181_26194,2,jades-gdn11-v4_g140m-f070lp_1181_26194.spec.fits,G140M,51.73627328860514,56.601527808288346,,,
75,JADES,JADES_1181_26194,3,jades-gdn11-v4_g395h-f290lp_1181_26194.spec.fits,N/A,,,,,
75,JADES,JADES_1181_26194,4,jades-gdn11-v4_g395m-f290lp_1181_26194.spec.fits,N/A,,,,,
75,JADES,JADES_1181_26194,5,jades-gdn11-v4_prism-clear_1181_26194.spec.fits,N/A,,,,,
76,GDS,GDS_1210_13704,1,gds-deep-v4_prism-clear_1210_13704.spec.fits,PRISM,67.36214822426008,,,,
76,GDS,GDS_1210_13704,2,gds-deep-v4_g395h-f290lp_1210_13704.spec.fits,G395H,64.30310341130847,,,,
76,GDS,GDS_1210_13704,3,gds-deep-v4_g395m-f290lp_1210_13704.spec.fits,G395M,60.02458773167381,46.62043983543398,,,
76,GDS,GDS_1210_13704,4,gds-deep-v4_g140m-f070lp_1210_13704.spec.fits,N/A,,,,,
76,GDS,GDS_1210_13704,5,gds-deep-v4_g235m-f170lp_1210_13704.spec.fits,N/A,,,,,
77,JADES,JADES_1180_16375,1,jades-gds-wide-v4_g395m-f290lp_1180_16375.spec.fits,G395M,,67.13110385636341,,,
77,JADES,JADES_1180_16375,2,jades-gds-wide-v4_g235m-f170lp_1180_16375.spec.fits,G235M,59.219248123826155,52.53067898668208,,,
77,JADES,JADES_1180_16375,3,jades-gds-wide3-v4_prism-clear_1180_16375.spec.fits,PRISM,52.49758939202031,,,,
77,JADES,JADES_1180_16375,4,jades-gds-wide-v4_g140m-f070lp_1180_16375.spec.fits,N/A,,,,,
78,GDN,GDN_2674_934,1,gdn-pah123-v4_g395m-f290lp_2674_934.spec.fits,G395M,66.39027699879179,56.70332762484434,,,
79,STARK,STARK_2478_16056,1,stark-rxcj2248-v4_g140m-f100lp_2478_16056.spec.fits,G140M,66.2265852759193,,,,
79,STARK,STARK_2478_16056,2,stark-rxcj2248-v4_g235m-f170lp_2478_16056.spec.fits,G235M,48.853119296281356,52.98131850074475,,,
79,STARK,STARK_2478_16056,3,stark-rxcj2248-v4_g395m-f290lp_2478_16056.spec.fits,G395M,,49.90852519912708,,,
80,RUBIES,RUBIES_4233_50052,1,rubies-egs53-v4_g395m-f290lp_4233_50052.spec.fits,G395M,63.77467266343927,66.2153054768765,,,
80,RUBIES,RUBIES_4233_50052,2,capers-egs53-v4_prism-clear_6368_11320.spec.fits,PRISM,60.16287972146871,,,,
80,RUBIES,RUBIES_4233_50052,3,rubies-egs53-v4_prism-clear_4233_50052.spec.fits,PRISM,55.311773298723836,,,,
81,RUBIES,RUBIES-UDS-22304,1,rubies-uds42-v4_g395m-f290lp_4233_22304.spec.fits,G395M,,65.51612053926891,,,
82,BLUEJAY,BLUEJAY_1810_8500,1,bluejay-south-v4_g140m-f100lp_1810_8500.spec.fits,G140M,47.405855248455985,65.10672133910076,,,
82,BLUEJAY,BLUEJAY_1810_8500,2,bluejay-south-v4_g235m-f170lp_1810_8500.spec.fits,G235M,,41.321642597805095,,,
82,BLUEJAY,BLUEJAY_1810_8500,3,bluejay-south-v4_g395m-f290lp_1810_8500.spec.fits,N/A,,,,,
83,GOODSN,GOODSN_1211_2066,1,goodsn-wide2-v4_prism-clear_1211_2066.spec.fits,PRISM,65.04369041711865,,,,
83,GOODSN,GOODSN_1211_2066,2,goodsn-wide2-v4_g395h-f290lp_1211_2066.spec.fits,G395H,48.28960266198091,55.71813463046111,,,
83,GOODSN,GOODSN_1211_2066,3,goodsn-wide2-v4_g235h-f170lp_1211_2066.spec.fits,N/A,,,,,
84,VALENTINO,VALENTINO_3567_54546,1,valentino-cosmos04-v4_g235m-f170lp_3567_54546.spec.fits,G235M,5.536021572208246,64.38005133873718,,,
84,VALENTINO,VALENTINO_3567_54546,2,capers-cos13-v4_prism-clear_6368_18062.spec.fits,N/A,,,,,
85,COSMOS,COSMOS_1879_2342,1,cosmos-curti-v4_g140m-f100lp_1879_2342.spec.fits,G140M,13.266130535648706,64.13352286655572,,,
85,COSMOS,COSMOS_1879_2342,2,cosmos-curti-v4_g235m-f170lp_1879_2342.spec.fits,G235M,,41.71733059753778,,,
85,COSMOS,COSMOS_1879_2342,3,cosmos-curti-v4_g235h-f170lp_1879_2342.spec.fits,G235H,,31.025615331656308,,,
86,MACS1149,MACS1149_2758_40151,1,macs1149-stiavelli2-v4_g235m-f170lp_2758_40151.spec.fits,G235M,4.020546254308528,63.70408480990171,,,
86,MACS1149,MACS1149_2758_40151,2,macs1149-stiavelli2-v4_g395m-f290lp_2758_40151.spec.fits,N/A,,,,,
87,RUBIES,RUBIES_4233_42046,1,rubies-egs53-v4_g395m-f290lp_4233_42046.spec.fits,G395M,29.781280481632848,63.11364659076059,,,
87,RUBIES,RUBIES_4233_42046,2,rubies-egs53-v4_prism-clear_4233_42046.spec.fits,PRISM,27.337030160866426,,,,
88,GDN,GDN_4762_37583,1,gdn-fujimoto-v4_g395m-f290lp_4762_37583.spec.fits,G395M,,62.897138163555724,,,
88,GDN,GDN_4762_37583,2,gdn-fujimoto-v4_g140m-f070lp_4762_37583.spec.fits,G140M,50.09831183764115,,,,
89,EGS,EGS_4106_47962,1,egs-nelsonx-v4_prism-clear_4106_47962.spec.fits,PRISM,62.609426726219105,,,,
89,EGS,EGS_4106_47962,2,rubies-egs62-v4_g395m-f290lp_4233_948917.spec.fits,G395M,51.78042518276629,,,,
89,EGS,EGS_4106_47962,3,rubies-egs62-v4_prism-clear_4233_948917.spec.fits,PRISM,43.25540328439743,,,,
89,EGS,EGS_4106_47962,4,egs-nelsonx-v4_g395m-f290lp_4106_47962.spec.fits,G395M,42.88156530668262,34.66156893503992,,,
89,EGS,EGS_4106_47962,5,valentino-egs-v4_g235m-f170lp_3567_41318.spec.fits,G235M,26.959053808477154,,,,
90,CEERS,CEERS_1345_1244,1,ceers-v4_g395m-f290lp_1345_1244.spec.fits,G395M,9.201842828887067,62.425392597439476,,,
90,CEERS,CEERS_1345_1244,2,ceers-v4_g235m-f170lp_1345_1244.spec.fits,G235M,,54.34255242616436,,,
90,CEERS,CEERS_1345_1244,3,ceers-v4_prism-clear_1345_1244.spec.fits,PRISM,53.83841890296806,,,,
90,CEERS,CEERS_1345_1244,4,ceers-v4_g140m-f100lp_1345_1244.spec.fits,N/A,,,,,
91,VALENTINO,VALENTINO_3567_51372,1,valentino-cosmos04-v4_g235m-f170lp_3567_51372.spec.fits,G235M,44.95738599602171,62.13348186323252,,,
92,EXCELS,EXCELS_3543_51825,1,excels-uds03-v4_g395m-f290lp_3543_51825.spec.fits,G395M,,62.100756918293634,,,
92,EXCELS,EXCELS_3543_51825,2,excels-uds03-v4_g140m-f100lp_3543_51825.spec.fits,G140M,18.308673783608096,,,,
93,MACS1149,MACS1149_2758_150337,1,macs1149-stiavelli2-v4_g235m-f170lp_2758_150337.spec.fits,G235M,46.66491585862772,61.93183121345717,,,
93,MACS1149,MACS1149_2758_150337,2,macs1149-stiavelli2-v4_g395m-f290lp_2758_150337.spec.fits,N/A,,,,,
94,JADES,JADES_1181_28746,1,jades-gdn10-v4_g395h-f290lp_1181_28746.spec.fits,G395H,,61.82619236442459,,,
94,JADES,JADES_1181_28746,2,jades-gdn10-v4_g235m-f170lp_1181_28746.spec.fits,G235M,58.50622440183978,44.11316602181043,,,
94,JADES,JADES_1181_28746,3,jades-gdn10-v4_g395m-f290lp_1181_28746.spec.fits,G395M,,58.399038716199364,,,
94,JADES,JADES_1181_28746,4,jades-gdn10-v4_prism-clear_1181_28746.spec.fits,PRISM,44.11022497237364,,,,
94,JADES,JADES_1181_28746,5,jades-gdn10-v4_g140m-f070lp_1181_28746.spec.fits,N/A,,,,,
95,RUBIES,RUBIES_4233_174752,1,rubies-uds21-v4_g395m-f290lp_4233_174752.spec.fits,G395M,61.63424920147667,48.92698304571567,,,
95,RUBIES,RUBIES_4233_174752,2,rubies-uds21-v4_prism-clear_4233_174752.spec.fits,PRISM,49.807530121513366,,,,
96,JADES,JADES_1286_38562,1,jades-gds02-v4_g395h-f290lp_1286_38562.spec.fits,G395H,55.827222017536705,61.6319619127504,,,
96,JADES,JADES_1286_38562,2,jades-gds02-v4_g395m-f290lp_1286_38562.spec.fits,G395M,53.94540390673279,61.309002929252074,,,
96,JADES,JADES_1286_38562,3,jades-gds02-v4_g235m-f170lp_1286_38562.spec.fits,G235M,55.9443994231087,45.27636506537768,,,
96,JADES,JADES_1286_38562,4,jades-gds02-v4_prism-clear_1286_38562.spec.fits,PRISM,53.19069946267986,,,,
96,JADES,JADES_1286_38562,5,jades-gds02-v4_g140m-f070lp_1286_38562.spec.fits,N/A,,,,,
97,AURORA,AURORA_1914_100182,1,aurora-gdn02-v4_g395m-f290lp_1914_100182.spec.fits,G395M,61.12692446850041,60.025730313313495,,,
97,AURORA,AURORA_1914_100182,2,aurora-gdn02-v4_g140m-f100lp_1914_100182.spec.fits,N/A,,,,,
97,AURORA,AURORA_1914_100182,3,aurora-gdn02-v4_g235m-f170lp_1914_100182.spec.fits,N/A,,,,,
98,VALENTINO,VALENTINO_3567_54545,1,valentino-cosmos04-v4_g235m-f170lp_3567_54545.spec.fits,G235M,34.12919042354608,60.6508653549399,,,
98,VALENTINO,VALENTINO_3567_54545,2,glazebrook-cos-obs2-v4_prism-clear_2565_20456.spec.fits,N/A,,,,,
99,VALENTINO,VALENTINO_3567_1552,1,valentino-cosmos02-v4_g235m-f170lp_3567_1552.spec.fits,G235M,55.51100139421185,60.01090969517878,,,
100,JADES,JADES_1181_53501,1,jades-gdn198-v4_g235m-f170lp_1181_53501.spec.fits,G235M,54.16426150142892,59.94240909304771,,,
100,JADES,JADES_1181_53501,2,jades-gdn-v4_g235m-f170lp_1181_53501.spec.fits,G235M,50.80027611955948,48.04214353492396,,,
100,JADES,JADES_1181_53501,3,jades-gdn198-v4_g395m-f290lp_1181_53501.spec.fits,G395M,,48.790750948363446,,,
100,JADES,JADES_1181_53501,4,jades-gdn-v4_g395m-f290lp_1181_53501.spec.fits,G395M,,47.42728702984602,,,
100,JADES,JADES_1181_53501,5,jades-gdn198-v4_g395h-f290lp_1181_53501.spec.fits,G395H,,43.770482935770836,,,
100,JADES,JADES_1181_53501,6,jades-gdn-v4_g395h-f290lp_1181_53501.spec.fits,G395H,,36.888455477409565,,,
100,JADES,JADES_1181_53501,7,jades-gdn198-v4_g140m-f070lp_1181_53501.spec.fits,G140M,36.88581998760485,,,,
100,JADES,JADES_1181_53501,8,jades-gdn-v4_g140m-f070lp_1181_53501.spec.fits,G140M,31.82794832562502,,,,
100,JADES,JADES_1181_53501,9,jades-gdn-v4_prism-clear_1181_53501.spec.fits,N/A,,,,,
100,JADES,JADES_1181_53501,10,jades-gdn198-v4_prism-clear_1181_53501.spec.fits,N/A,,,,,
101,RUBIES,RUBIES_4233_182791,1,rubies-uds21-v4_g395m-f290lp_4233_182791.spec.fits,G395M,39.674070733602285,59.73540909170053,,,
101,RUBIES,RUBIES_4233_182791,2,rubies-uds21-v4_prism-clear_4233_182791.spec.fits,PRISM,49.417966005369365,,,,
102,RUBIES,RUBIES_4233_45502,1,rubies-egs63-v4_g395m-f290lp_4233_45502.spec.fits,G395M,,59.57892060677465,,,
102,RUBIES,RUBIES_4233_45502,2,rubies-egs63-v4_prism-clear_4233_45502.spec.fits,N/A,,,,,
103,VALENTINO,VALENTINO_3567_45518,1,valentino-cosmos04-v4_g235m-f170lp_3567_45518.spec.fits,G235M,29.942615075002315,59.36356506048671,,,
104,GS,GS-9598,1,jades-gds-wide-v4_g235m-f170lp_1180_9598.spec.fits,G235M,55.12419775849133,59.04414747584878,,,
104,GS,GS-9598,2,jades-gds-wide-v4_g140m-f070lp_1180_9598.spec.fits,G140M,49.869400850845665,,,,
104,GS,GS-9598,3,jades-gds-wide-v4_g395m-f290lp_1180_9598.spec.fits,G395M,,42.570562323915155,,,
104,GS,GS-9598,4,jades-gds-wide-v4_prism-clear_1180_9598.spec.fits,N/A,,,,,
105,VALENTINO,VALENTINO_3567_136272,1,valentino-obs19-v4_g235m-f170lp_3567_136272.spec.fits,G235M,41.7915009222897,58.88997568398464,,,
105,VALENTINO,VALENTINO_3567_136272,2,rubies-uds32-v4_g395m-f290lp_4233_136272.spec.fits,N/A,,,,,
105,VALENTINO,VALENTINO_3567_136272,3,rubies-uds32-v4_prism-clear_4233_136272.spec.fits,N/A,,,,,
106,RUBIES,RUBIES-EGS-920,1,rubies-egs52-v4_g395m-f290lp_4233_920.spec.fits,G395M,,58.80035249229344,,,
106,RUBIES,RUBIES-EGS-920,2,rubies-egs52-v4_prism-clear_4233_920.spec.fits,N/A,,,,,
107,GLIMPSE,GLIMPSE_9223_46938,1,glimpse-obs02-v4_g395m-f290lp_9223_46938.spec.fits,G395M,58.651035468654015,47.1154784188245,,,
108,GTO,GTO_1215_6001,1,gto-wide-uds13-v4_g395h-f290lp_1215_6001.spec.fits,G395H,,58.21601229584855,,,
108,GTO,GTO_1215_6001,2,gto-wide-uds13-v4_prism-clear_1215_6001.spec.fits,PRISM,57.48556788248284,,,,
108,GTO,GTO_1215_6001,3,gto-wide-uds13-v4_g235h-f170lp_1215_6001.spec.fits,N/A,,,,,
109,JADES,JADES_1180_13520,1,jades-gds-wide2-v4_prism-clear_1180_13520.spec.fits,PRISM,58.064208391684055,,,,
109,JADES,JADES_1180_13520,2,jades-gds-wide2-v4_g235m-f170lp_1180_13520.spec.fits,G235M,56.411844628676,34.554999777043776,,,
109,JADES,JADES_1180_13520,3,jades-gds-wide2-v4_g395m-f290lp_1180_13520.spec.fits,G395M,56.33367399341072,48.60710369232891,,,
109,JADES,JADES_1180_13520,4,jades-gds-wide2-v4_g140m-f070lp_1180_13520.spec.fits,N/A,,,,,
110,UDS,UDS-143683,1,rubies-uds22-v4_g395m-f290lp_4233_143683.spec.fits,G395M,,58.03240336719505,,,
110,UDS,UDS-143683,2,rubies-uds22-v4_prism-clear_4233_143683.spec.fits,PRISM,53.369721009958226,,,,
111,BLUEJAY,BLUEJAY_1810_19705,1,bluejay-north-v4_g140m-f100lp_1810_19705.spec.fits,G140M,12.457082440903134,57.73530797865338,,,
111,BLUEJAY,BLUEJAY_1810_19705,2,bluejay-north-v4_g235m-f170lp_1810_19705.spec.fits,G235M,5.1813650083935086,,,,
111,BLUEJAY,BLUEJAY_1810_19705,3,bluejay-north-v4_g395m-f290lp_1810_19705.spec.fits,N/A,,,,,
112,VALENTINO,VALENTINO_3567_1369,1,valentino-cosmos02-v4_g235m-f170lp_3567_1369.spec.fits,G235M,57.519374244631976,55.41413818563279,,,
113,JADES,JADES_1180_44271,1,jades-gds-wide-v4_g140m-f070lp_1180_44271.spec.fits,G140M,57.32277605035057,41.13189654933505,,,
113,JADES,JADES_1180_44271,2,jades-gds-wide-v4_g235m-f170lp_1180_44271.spec.fits,G235M,,21.96387376108143,,,
113,JADES,JADES_1180_44271,3,jades-gds-wide-v4_g395m-f290lp_1180_44271.spec.fits,N/A,,,,,
113,JADES,JADES_1180_44271,4,jades-gds-wide3-v4_prism-clear_1180_44271.spec.fits,N/A,,,,,
114,SUSPENSE,SUSPENSE_2110_130647,1,suspense-kriek-v4_g140m-f100lp_2110_130647.spec.fits,G140M,57.23998449900377,38.32021394815599,,,
115,MACS0416,MACS0416_4750_50001,1,macs0416-nakajima-v4_g395m-f290lp_4750_50001.spec.fits,G395M,12.689700306804289,56.56649581343027,,,
115,MACS0416,MACS0416_4750_50001,2,macs0416-nakajima-v4_g140m-f070lp_4750_50001.spec.fits,N/A,,,,,
116,RUBIES,RUBIES_4233_47509,1,rubies-uds3-v4_g395m-f290lp_4233_47509.spec.fits,G395M,56.05688393051552,45.546766343025084,,,
116,RUBIES,RUBIES_4233_47509,2,rubies-uds3-v4_prism-clear_4233_47509.spec.fits,PRISM,45.90895072024983,,,,
117,UDS,UDS-920396,1,mom-uds02-v4_prism-clear_5224_920396.spec.fits,PRISM,56.04372365980368,,,,
117,UDS,UDS-920396,2,rubies-uds21-v4_g395m-f290lp_4233_920396.spec.fits,G395M,30.501258499751003,13.936232203778848,,,
117,UDS,UDS-920396,3,rubies-uds21-v4_prism-clear_4233_920396.spec.fits,PRISM,26.02063249358852,,,,
118,BLUEJAY,BLUEJAY_1810_19891,1,bluejay-north-v4_g140m-f100lp_1810_19891.spec.fits,G140M,18.040633888296245,55.80341160445498,,,
118,BLUEJAY,BLUEJAY_1810_19891,2,bluejay-north-v4_g235m-f170lp_1810_19891.spec.fits,G235M,7.228667090511969,50.018704394601095,,,
118,BLUEJAY,BLUEJAY_1810_19891,3,bluejay-north-v4_g395m-f290lp_1810_19891.spec.fits,N/A,,,,,
119,JADES,JADES_1180_7384,1,jades-gds-wide2-v4_g235m-f170lp_1180_7384.spec.fits,G235M,49.38894532999265,55.78546753647414,,,
119,JADES,JADES_1180_7384,2,jades-gds-wide2-v4_g140m-f070lp_1180_7384.spec.fits,G140M,54.7510608573263,,,,
119,JADES,JADES_1180_7384,3,jades-gds-wide2-v4_g395m-f290lp_1180_7384.spec.fits,G395M,,13.963339510832862,,,
119,JADES,JADES_1180_7384,4,jades-gds-wide2-v4_prism-clear_1180_7384.spec.fits,N/A,,,,,
120,RUBIES,RUBIES_4233_28812,1,rubies-egs63-v4_g395m-f290lp_4233_28812.spec.fits,G395M,,55.766016130440505,,,
120,RUBIES,RUBIES_4233_28812,2,capers-egs65-v4_prism-clear_6368_19799.spec.fits,PRISM,27.308127957099728,,,,
120,RUBIES,RUBIES_4233_28812,3,rubies-egs63-v4_prism-clear_4233_28812.spec.fits,PRISM,16.714390346777797,,,,
120,RUBIES,RUBIES_4233_28812,4,ceers-v4_prism-clear_1345_80457.spec.fits,PRISM,9.09148368681216,,,,
121,J0910,J0910_2028_14306,1,j0910-wang-v4_g395m-f290lp_2028_14306.spec.fits,G395M,55.55740909349954,30.44706894120964,,,
121,J0910,J0910_2028_14306,2,j0910-wang-v4_prism-clear_2028_14306.spec.fits,PRISM,45.53663507772602,,,,
122,J0226,J0226_3325_1884,1,j0226-wang-v4_g395m-f290lp_3325_1884.spec.fits,G395M,,55.42882332689564,,,
123,VALENTINO,VALENTINO_3567_4301,1,valentino-obs15-v4_g235m-f170lp_3567_4301.spec.fits,G235M,55.17350038367496,35.4588077261987,,,
124,VALENTINO,VALENTINO_3567_44021,1,valentino-egs-v4_g235m-f170lp_3567_44021.spec.fits,G235M,20.960997077530134,54.815005552886134,,,
124,VALENTINO,VALENTINO_3567_44021,2,capers-egs53-v4_prism-clear_6368_13796.spec.fits,N/A,,,,,
124,VALENTINO,VALENTINO_3567_44021,3,rubies-egs63-v4_g395m-f290lp_4233_44021.spec.fits,N/A,,,,,
124,VALENTINO,VALENTINO_3567_44021,4,rubies-egs63-v4_prism-clear_4233_44021.spec.fits,N/A,,,,,
125,GLIMPSE,GLIMPSE_9223_11026,1,glimpse-obs01b-v4_g395m-f290lp_9223_11026.spec.fits,G395M,46.95450905823377,54.61803327974366,,,
126,GDS,GDS_1671_37005,1,gds-maseda-v4_g235m-f170lp_1671_37005.spec.fits,G235M,17.64487304857088,54.49652096475142,,,
126,GDS,GDS_1671_37005,2,gds-maseda-v4_g395m-f290lp_1671_37005.spec.fits,N/A,,,,,
127,JADES,JADES_1180_5807,1,jades-gds-wide2-v4_g235m-f170lp_1180_5807.spec.fits,G235M,10.486628488513283,54.45997218370146,,,
127,JADES,JADES_1180_5807,2,jades-gds-wide2-v4_g140m-f070lp_1180_5807.spec.fits,G140M,8.2221032570217,,,,
127,JADES,JADES_1180_5807,3,jades-gds-wide2-v4_g395m-f290lp_1180_5807.spec.fits,N/A,,,,,
127,JADES,JADES_1180_5807,4,jades-gds-wide2-v4_prism-clear_1180_5807.spec.fits,N/A,,,,,
128,JADES,JADES_1181_27887,1,jades-gdn10-v4_g235m-f170lp_1181_27887.spec.fits,G235M,9.16599429948295,53.75240549448917,,,
128,JADES,JADES_1181_27887,2,jades-gdn10-v4_g140m-f070lp_1181_27887.spec.fits,G140M,,44.13237515405821,,,
128,JADES,JADES_1181_27887,3,jades-gdn10-v4_g395h-f290lp_1181_27887.spec.fits,N/A,,,,,
128,JADES,JADES_1181_27887,4,jades-gdn10-v4_g395m-f290lp_1181_27887.spec.fits,N/A,,,,,
128,JADES,JADES_1181_27887,5,jades-gdn10-v4_prism-clear_1181_27887.spec.fits,N/A,,,,,
129,RUBIES,RUBIES_4233_24210,1,rubies-egs51-v4_g395m-f290lp_4233_24210.spec.fits,G395M,53.56137608243478,46.395664006371504,,,
129,RUBIES,RUBIES_4233_24210,2,rubies-egs51-v4_prism-clear_4233_24210.spec.fits,PRISM,48.45573312180342,,,,
130,JADES,JADES_1286_159717,1,jades-gds06-v4_g395m-f290lp_1286_159717.spec.fits,G395M,,53.47227645457003,,,
130,JADES,JADES_1286_159717,2,jades-gds06-v4_g395h-f290lp_1286_159717.spec.fits,G395H,52.58502932600412,51.04916896735621,,,
130,JADES,JADES_1286_159717,3,jades-gds06-v4_g235m-f170lp_1286_159717.spec.fits,G235M,47.56532722361321,38.26388434851543,,,
130,JADES,JADES_1286_159717,4,jades-gds06-v4_prism-clear_1286_159717.spec.fits,PRISM,47.117342714548734,,,,
130,JADES,JADES_1286_159717,5,jades-gds06-v4_g140m-f070lp_1286_159717.spec.fits,N/A,,,,,
131,GDN,GDN_4762_16620,1,gdn-fujimoto-v4_g140m-f070lp_4762_16620.spec.fits,G140M,27.19354187787111,53.39946648870225,,,
131,GDN,GDN_4762_16620,2,gdn-fujimoto-v4_g395m-f290lp_4762_16620.spec.fits,N/A,,,,,
132,GN,GN-62309,1,jades-gdn09-v4_g395m-f290lp_1181_62309.spec.fits,G395M,53.221255940700075,35.533146595785006,,,
132,GN,GN-62309,2,jades-gdn09-v4_prism-clear_1181_62309.spec.fits,PRISM,50.753761975363226,,,,
132,GN,GN-62309,3,jades-gdn09-v4_g235m-f170lp_1181_62309.spec.fits,G235M,45.30711095399616,18.766897741520413,,,
132,GN,GN-62309,4,jades-gdn09-v4_g395h-f290lp_1181_62309.spec.fits,G395H,44.86774240384927,31.067701838253967,,,
132,GN,GN-62309,5,jades-gdn09-v4_g140m-f070lp_1181_62309.spec.fits,N/A,,,,,
133,VALENTINO,VALENTINO_3567_3285,1,valentino-obs15-v4_g235m-f170lp_3567_3285.spec.fits,G235M,36.73438469713071,52.355333592443756,,,
134,VALENTINO,VALENTINO_3567_20910,1,valentino-egs-v4_g235m-f170lp_3567_20910.spec.fits,G235M,35.92820202304889,51.85332612607312,,,
135,CEERS,CEERS-11728,1,ceers-v4_g235m-f170lp_1345_11728.spec.fits,G235M,51.84661299470336,35.82790124851563,,,
135,CEERS,CEERS-11728,2,ceers-v4_g395m-f290lp_1345_11728.spec.fits,G395M,,42.820163531041594,,,
135,CEERS,CEERS-11728,3,ceers-v4_g140m-f100lp_1345_11728.spec.fits,G140M,35.77048095414958,,,,
135,CEERS,CEERS-11728,4,ceers-v4_prism-clear_1345_11728.spec.fits,N/A,,,,,
136,JADES,JADES_1180_209777,1,jades-gds-wide3-v4_g395m-f290lp_1180_209777.spec.fits,G395M,,51.74432295334052,,,
136,JADES,JADES_1180_209777,2,jades-gds-wide3-v4_g235m-f170lp_1180_209777.spec.fits,G235M,18.86941171606436,38.44978151643439,,,
136,JADES,JADES_1180_209777,3,jades-gds-wide3-v4_g140m-f070lp_1180_209777.spec.fits,N/A,,,,,
136,JADES,JADES_1180_209777,4,jades-gds-wide3-v4_prism-clear_1180_209777.spec.fits,N/A,,,,,
137,BLUEJAY,BLUEJAY_1810_12020,1,bluejay-south-v4_g235m-f170lp_1810_12020.spec.fits,G235M,,51.61148608032483,,,
137,BLUEJAY,BLUEJAY_1810_12020,2,bluejay-south-v4_g140m-f100lp_1810_12020.spec.fits,G140M,30.55783110249077,17.510976720093804,,,
137,BLUEJAY,BLUEJAY_1810_12020,3,bluejay-south-v4_g395m-f290lp_1810_12020.spec.fits,N/A,,,,,
138,JADES,JADES_1181_2331,1,jades-gdn2-v4_g395m-f290lp_1181_2331.spec.fits,G395M,,51.298300793862516,,,
138,JADES,JADES_1181_2331,2,jades-gdn2-v4_g235m-f170lp_1181_2331.spec.fits,G235M,30.22248848728501,48.205559287370136,,,
138,JADES,JADES_1181_2331,3,jades-gdn2-v4_g140m-f070lp_1181_2331.spec.fits,N/A,,,,,
138,JADES,JADES_1181_2331,4,jades-gdn2-v4_prism-clear_1181_2331.spec.fits,N/A,,,,,
139,JADES,JADES_1286_204851,1,jades-gds05-v4_g395h-f290lp_1286_204851.spec.fits,G395H,51.28167205766371,,,,
139,JADES,JADES_1286_204851,2,jades-gds05-v4_g395m-f290lp_1286_204851.spec.fits,G395M,49.88032544505627,48.14760364156718,,,
139,JADES,JADES_1286_204851,3,jades-gds05-v4_prism-clear_1286_204851.spec.fits,PRISM,44.475785742118894,,,,
139,JADES,JADES_1286_204851,4,jades-gds05-v4_g235m-f170lp_1286_204851.spec.fits,G235M,44.083437428311804,,,,
139,JADES,JADES_1286_204851,5,jades-gds05-v4_g140m-f070lp_1286_204851.spec.fits,N/A,,,,,
140,LYC22,LYC22_1869_4096,1,lyc22-schaerer-12-v4_g235m-f170lp_1869_4096.spec.fits,G235M,,51.26289656232246,,,
140,LYC22,LYC22_1869_4096,2,lyc22-schaerer-12-v4_g140m-f100lp_1869_4096.spec.fits,G140M,20.75420460347541,10.970719927494981,,,
141,RUBIES,RUBIES_4233_41926,1,rubies-egs63-v4_g395m-f290lp_4233_41926.spec.fits,G395M,,51.16111641780044,,,
142,JADES,JADES_1181_954,1,jades-gdn2-v4_g395m-f290lp_1181_954.spec.fits,G395M,51.01553788485287,35.70371293077689,,,
142,JADES,JADES_1181_954,2,jades-gdn2-v4_prism-clear_1181_954.spec.fits,PRISM,48.409135699739416,,,,
142,JADES,JADES_1181_954,3,jades-gdn2-v4_g235m-f170lp_1181_954.spec.fits,G235M,37.99895323200946,,,,
142,JADES,JADES_1181_954,4,jades-gdn2-v4_g140m-f070lp_1181_954.spec.fits,N/A,,,,,
143,EGS,EGS_4106_71365,1,egs-nelsonx-v4_prism-clear_4106_71365.spec.fits,PRISM,50.33196339065585,,,,
143,EGS,EGS_4106_71365,2,egs-nelsonx-v4_g395m-f290lp_4106_71365.spec.fits,G395M,27.597786663967856,31.550539843531944,,,
144,JADES,JADES_1181_721,1,jades-gdn10-v4_g235m-f170lp_1181_721.spec.fits,G235M,20.581377135847056,49.80475240491526,,,
144,JADES,JADES_1181_721,2,jades-gdn10-v4_g140m-f070lp_1181_721.spec.fits,G140M,14.109650186299728,,,,
144,JADES,JADES_1181_721,3,jades-gdn10-v4_g395h-f290lp_1181_721.spec.fits,N/A,,,,,
144,JADES,JADES_1181_721,4,jades-gdn10-v4_g395m-f290lp_1181_721.spec.fits,N/A,,,,,
144,JADES,JADES_1181_721,5,jades-gdn10-v4_prism-clear_1181_721.spec.fits,N/A,,,,,
145,MACS0416,MACS0416_4750_60009,1,macs0416-nakajima-v4_g395m-f290lp_4750_60009.spec.fits,G395M,41.34419275229387,49.68315518471291,,,
145,MACS0416,MACS0416_4750_60009,2,macs0416-v4_prism-clear_1208_3104035.spec.fits,PRISM,28.363225454738934,,,,
145,MACS0416,MACS0416_4750_60009,3,macs0416-nakajima-v4_g140m-f070lp_4750_60009.spec.fits,N/A,,,,,
146,EXCELS,EXCELS_3543_34495,1,excels-uds04-v4_g235m-f170lp_3543_34495.spec.fits,G235M,49.60692605673826,26.16946941628571,,,
146,EXCELS,EXCELS_3543_34495,2,excels-uds04-v4_g395m-f290lp_3543_34495.spec.fits,G395M,,19.831635998429565,,,
146,EXCELS,EXCELS_3543_34495,3,excels-uds04-v4_g140m-f100lp_3543_34495.spec.fits,N/A,,,,,
147,GTO,GTO_1215_4446,1,gto-wide-uds14-v4_g395h-f290lp_1215_4446.spec.fits,G395H,29.894291499351294,49.58513829636949,,,
147,GTO,GTO_1215_4446,2,gto-wide-uds14-v4_prism-clear_1215_4446.spec.fits,PRISM,45.483951182476616,,,,
147,GTO,GTO_1215_4446,3,gto-wide-uds14-v4_g235h-f170lp_1215_4446.spec.fits,N/A,,,,,
148,GDN,GDN_2674_14,1,gdn-pah123-v4_g395m-f290lp_2674_14.spec.fits,G395M,,49.35040001852325,,,
149,RUBIES,RUBIES_4233_49140,1,egs-mason-v4_g395m-f290lp_4287_62859.spec.fits,G395M,49.27692982770995,,,,
149,RUBIES,RUBIES_4233_49140,2,rubies-egs63-v4_g395m-f290lp_4233_49140.spec.fits,G395M,41.765968215586554,23.662162501054414,,,
149,RUBIES,RUBIES_4233_49140,3,capers-egs49-v4_prism-clear_6368_11585.spec.fits,PRISM,28.27522332716703,,,,
149,RUBIES,RUBIES_4233_49140,4,rubies-egs63-v4_prism-clear_4233_49140.spec.fits,PRISM,26.215476803762026,,,,
149,RUBIES,RUBIES_4233_49140,5,egs-mason-v4_g140h-f100lp_4287_62859.spec.fits,N/A,,,,,
150,GDN,GDN_4762_36344,1,gdn-fujimoto-v4_g140m-f070lp_4762_36344.spec.fits,G140M,49.05586218801316,26.410989189198133,,,
150,GDN,GDN_4762_36344,2,gdn-fujimoto-v4_g395m-f290lp_4762_36344.spec.fits,G395M,,49.006828972751585,,,
151,GDN,GDN_2674_3761,1,gdn-pah123-v4_g395m-f290lp_2674_3761.spec.fits,G395M,,48.970090291251374,,,
152,GTO,GTO_1215_4909,1,gto-wide-uds13-v4_g235h-f170lp_1215_4909.spec.fits,G235H,,48.9477370635122,,,
152,GTO,GTO_1215_4909,2,gto-wide-uds13-v4_g395h-f290lp_1215_4909.spec.fits,N/A,,,,,
152,GTO,GTO_1215_4909,3,gto-wide-uds13-v4_prism-clear_1215_4909.spec.fits,N/A,,,,,
153,GOODSN,GOODSN_1211_5243,1,goodsn-wide7-v4_g235h-f170lp_1211_5243.spec.fits,G235H,14.308842121512964,48.936039701141624,,,
153,GOODSN,GOODSN_1211_5243,2,goodsn-wide7-v4_g395h-f290lp_1211_5243.spec.fits,N/A,,,,,
153,GOODSN,GOODSN_1211_5243,3,goodsn-wide7-v4_prism-clear_1211_5243.spec.fits,N/A,,,,,
154,RUBIES,RUBIES_4233_19521,1,rubies-uds42-v4_g395m-f290lp_4233_19521.spec.fits,G395M,48.24962240579232,33.45131241348438,,,
154,RUBIES,RUBIES_4233_19521,2,rubies-uds42-v4_prism-clear_4233_19521.spec.fits,PRISM,42.96746828843904,,,,
154,RUBIES,RUBIES_4233_19521,3,rubies-uds41-v4_g395m-f290lp_4233_19521.spec.fits,G395M,24.456525324852347,15.239767277388557,,,
154,RUBIES,RUBIES_4233_19521,4,rubies-uds41-v4_prism-clear_4233_19521.spec.fits,N/A,,,,,
155,EGS,EGS-70473,1,rubies-egs61-v4_g395m-f290lp_4233_70473.spec.fits,G395M,48.00224292577879,39.404210486989754,,,
156,UDS,UDS-154183,1,rubies-uds31-v4_g395m-f290lp_4233_154183.spec.fits,G395M,,47.880108304453564,,,
156,UDS,UDS-154183,2,rubies-uds31-v4_prism-clear_4233_154183.spec.fits,N/A,,,,,
157,GTO,GTO_1215_1472,1,gto-wide-uds13-v4_g395h-f290lp_1215_1472.spec.fits,G395H,,47.57069802763896,,,
157,GTO,GTO_1215_1472,2,gto-wide-uds13-v4_prism-clear_1215_1472.spec.fits,PRISM,3.3403137067628097,,,,
157,GTO,GTO_1215_1472,3,gto-wide-uds13-v4_g235h-f170lp_1215_1472.spec.fits,N/A,,,,,
158,JADES,JADES_1181_2916,1,jades-gdn2-v4_g235m-f170lp_1181_2916.spec.fits,G235M,46.69873676567859,38.55139252599113,,,
158,JADES,JADES_1181_2916,2,jades-gdn2-v4_g395m-f290lp_1181_2916.spec.fits,G395M,,40.25276150336515,,,
158,JADES,JADES_1181_2916,3,jades-gdn2-v4_g140m-f070lp_1181_2916.spec.fits,G140M,19.07783783763512,,,,
158,JADES,JADES_1181_2916,4,jades-gdn2-v4_prism-clear_1181_2916.spec.fits,N/A,,,,,
159,RUBIES,RUBIES_4233_60935,1,rubies-egs61-v4_g395m-f290lp_4233_60935.spec.fits,G395M,26.527524708740543,46.54655896064552,,,
159,RUBIES,RUBIES_4233_60935,2,rubies-egs61-v4_prism-clear_4233_60935.spec.fits,PRISM,25.965000628412334,,,,
160,UDS,UDS-961025,1,rubies-uds31-v4_g395m-f290lp_4233_961025.spec.fits,G395M,46.4433861222326,29.37611231839249,,,
160,UDS,UDS-961025,2,rubies-uds31-v4_prism-clear_4233_961025.spec.fits,PRISM,43.14408803218574,,,,
161,RUBIES,RUBIES-EGS-19174,1,rubies-egs53-v4_g395m-f290lp_4233_19174.spec.fits,G395M,,46.19821469149055,,,
161,RUBIES,RUBIES-EGS-19174,2,rubies-egs53-v4_prism-clear_4233_19174.spec.fits,N/A,,,,,
162,EGS,EGS-17301,1,capers-egs65-v4_prism-clear_6368_24425.spec.fits,PRISM,45.84049688261623,,,,
162,EGS,EGS-17301,2,rubies-egs52-v4_g395m-f290lp_4233_17301.spec.fits,G395M,25.253953247036225,19.259054841366236,,,
162,EGS,EGS-17301,3,rubies-egs52-v4_prism-clear_4233_17301.spec.fits,PRISM,22.799170688198043,,,,
163,EGS,EGS_4106_51623,1,egs-nelsonx-v4_g395m-f290lp_4106_51623.spec.fits,G395M,12.579552494508084,45.83842783757548,,,
163,EGS,EGS_4106_51623,2,egs-nelsonx-v4_prism-clear_4106_51623.spec.fits,PRISM,22.683817478778447,,,,
164,JADES,JADES_1180_17341,1,jades-gds-wide-v4_g235m-f170lp_1180_17341.spec.fits,G235M,45.77169998677015,30.70766980280251,,,
164,JADES,JADES_1180_17341,2,jades-gds-wide-v4_g395m-f290lp_1180_17341.spec.fits,G395M,,33.67305471486147,,,
164,JADES,JADES_1180_17341,3,jades-gds-wide-v4_g140m-f070lp_1180_17341.spec.fits,N/A,,,,,
164,JADES,JADES_1180_17341,4,jades-gds-wide-v4_prism-clear_1180_17341.spec.fits,N/A,,,,,
165,EXCELS,EXCELS_3543_112990,1,excels-uds02-v4_g235m-f170lp_3543_112990.spec.fits,G235M,8.179219517424071,45.64866179269645,,,
165,EXCELS,EXCELS_3543_112990,2,excels-uds02-v4_g140m-f100lp_3543_112990.spec.fits,N/A,,,,,
165,EXCELS,EXCELS_3543_112990,3,excels-uds02-v4_g395m-f290lp_3543_112990.spec.fits,N/A,,,,,
166,JADES,JADES_1181_61888,1,jades-gdn10-v4_g395m-f290lp_1181_61888.spec.fits,G395M,28.226048884733817,45.58900031508829,,,
166,JADES,JADES_1181_61888,2,jades-gdn10-v4_prism-clear_1181_61888.spec.fits,PRISM,32.965712733864024,,,,
166,JADES,JADES_1181_61888,3,jades-gdn10-v4_g395h-f290lp_1181_61888.spec.fits,G395H,30.84486971902647,,,,
166,JADES,JADES_1181_61888,4,jades-gdn10-v4_g235m-f170lp_1181_61888.spec.fits,G235M,25.39755642480915,,,,
166,JADES,JADES_1181_61888,5,jades-gdn10-v4_g140m-f070lp_1181_61888.spec.fits,N/A,,,,,
167,RUBIES,RUBIES_4233_119957,1,rubies-uds22-v4_g395m-f290lp_4233_119957.spec.fits,G395M,,45.19713230423601,,,
167,RUBIES,RUBIES_4233_119957,2,rubies-uds22-v4_prism-clear_4233_119957.spec.fits,PRISM,32.781955634652114,,,,
168,RUBIES,RUBIES_4233_926125,1,rubies-egs51-v4_g395m-f290lp_4233_926125.spec.fits,G395M,37.49071224119983,45.03053653143854,,,
168,RUBIES,RUBIES_4233_926125,2,rubies-egs51-v4_prism-clear_4233_926125.spec.fits,PRISM,34.48139685789062,,,,
169,UDS,UDS-53452,1,rubies-uds3-v4_g395m-f290lp_4233_53452.spec.fits,G395M,,44.89777901600585,,,
169,UDS,UDS-53452,2,rubies-uds3-v4_prism-clear_4233_53452.spec.fits,N/A,,,,,
170,VALENTINO,VALENTINO_3567_55536,1,valentino-obs19-v4_g235m-f170lp_3567_55536.spec.fits,G235M,,44.793689600808904,,,
170,VALENTINO,VALENTINO_3567_55536,2,capers-udsp2-v4_prism-clear_6368_8867.spec.fits,N/A,,,,,
171,JADES,JADES_1181_53757,1,jades-gdn09-v4_prism-clear_1181_53757.spec.fits,PRISM,44.7572685530188,,,,
171,JADES,JADES_1181_53757,2,jades-gdn198-v4_prism-clear_1181_53757.spec.fits,PRISM,43.14058000086789,,,,
171,JADES,JADES_1181_53757,3,jades-gdn09-v4_g395m-f290lp_1181_53757.spec.fits,G395M,,33.047664695591,,,
171,JADES,JADES_1181_53757,4,jades-gdn-v4_prism-clear_1181_53757.spec.fits,PRISM,32.06218614516509,,,,
171,JADES,JADES_1181_53757,5,jades-gdn09-v4_g235m-f170lp_1181_53757.spec.fits,G235M,,22.900120992461975,,,
171,JADES,JADES_1181_53757,6,jades-gdn09-v4_g395h-f290lp_1181_53757.spec.fits,G395H,,22.525586043217913,,,
171,JADES,JADES_1181_53757,7,jades-gdn09-v4_g140m-f070lp_1181_53757.spec.fits,N/A,,,,,
172,BLUEJAY,BLUEJAY_1810_18977,1,bluejay-north-v4_g140m-f100lp_1810_18977.spec.fits,G140M,43.90139336256885,31.922287932629445,,,
172,BLUEJAY,BLUEJAY_1810_18977,2,bluejay-north-v4_g235m-f170lp_1810_18977.spec.fits,G235M,,27.82334949454453,,,
172,BLUEJAY,BLUEJAY_1810_18977,3,bluejay-north-v4_g395m-f290lp_1810_18977.spec.fits,N/A,,,,,
173,EGS,EGS-966323,1,capers-egs49-v4_prism-clear_6368_8752.spec.fits,PRISM,43.89041658398214,,,,
173,EGS,EGS-966323,2,rubies-egs63-v4_g395m-f290lp_4233_966323.spec.fits,G395M,33.9240892924104,,,,
173,EGS,EGS-966323,3,egs-nelsonx-v4_prism-clear_4106_65402.spec.fits,PRISM,30.43224528196028,,,,
173,EGS,EGS-966323,4,rubies-egs63-v4_prism-clear_4233_966323.spec.fits,PRISM,28.594854053660715,,,,
173,EGS,EGS-966323,5,egs-mason-v4_g395m-f290lp_4287_64770.spec.fits,G395M,25.22399556871268,,,,
173,EGS,EGS-966323,6,egs-mason-v4_g140h-f100lp_4287_64770.spec.fits,N/A,,,,,
173,EGS,EGS-966323,7,egs-nelsonx-v4_g395m-f290lp_4106_65402.spec.fits,N/A,,,,,
174,RUBIES,RUBIES_4233_29813,1,rubies-uds33-v4_g395m-f290lp_4233_29813.spec.fits,G395M,15.132263115645264,43.85331021686786,,,
174,RUBIES,RUBIES_4233_29813,2,rubies-uds33-v4_prism-clear_4233_29813.spec.fits,PRISM,17.658976355564814,,,,
175,JADES,JADES_1180_13329,1,jades-gds-wide-v4_g235m-f170lp_1180_13329.spec.fits,G235M,43.84724749889903,31.30833056469079,,,
175,JADES,JADES_1180_13329,2,jades-gds-wide-v4_g395m-f290lp_1180_13329.spec.fits,G395M,,39.8744854604594,,,
175,JADES,JADES_1180_13329,3,jades-gds-wide-v4_g140m-f070lp_1180_13329.spec.fits,G140M,24.113412760383955,,,,
175,JADES,JADES_1180_13329,4,jades-gds-wide-v4_prism-clear_1180_13329.spec.fits,N/A,,,,,
176,GDS,GDS_1207_208030,1,gds-rieke-v4_g235m-f170lp_1207_208030.spec.fits,G235M,9.231933248674473,43.744634527842464,,,
176,GDS,GDS_1207_208030,2,gds-rieke-v4_g140m-f100lp_1207_208030.spec.fits,G140M,3.7556091856744858,18.123128306800282,,,
177,MACS1149,MACS1149_1199_80002,1,macs1149-stiavelli-v4_g235m-f170lp_1199_80002.spec.fits,G235M,43.70415772453456,24.017563763810585,,,
178,RUBIES,RUBIES_4233_42232,1,valentino-egs-v4_g235m-f170lp_3567_42232.spec.fits,G235M,19.561923811965777,43.445283144995166,,,
178,RUBIES,RUBIES_4233_42232,2,rubies-egs62-v4_g395m-f290lp_4233_42232.spec.fits,G395M,12.486889375496878,35.713927084686105,,,
178,RUBIES,RUBIES_4233_42232,3,rubies-egs63-v4_g395m-f290lp_4233_42232.spec.fits,G395M,,28.620297142324137,,,
178,RUBIES,RUBIES_4233_42232,4,rubies-egs63-v4_prism-clear_4233_42232.spec.fits,PRISM,12.063618884872538,,,,
178,RUBIES,RUBIES_4233_42232,5,rubies-egs62-v4_prism-clear_4233_42232.spec.fits,PRISM,9.607508952674353,,,,
179,BLUEJAY,BLUEJAY_1810_18668,1,bluejay-north-v4_g140m-f100lp_1810_18668.spec.fits,G140M,8.883295975303756,43.20007008436414,,,
179,BLUEJAY,BLUEJAY_1810_18668,2,bluejay-north-v4_g235m-f170lp_1810_18668.spec.fits,G235M,,34.001635597816204,,,
179,BLUEJAY,BLUEJAY_1810_18668,3,bluejay-north-v4_g395m-f290lp_1810_18668.spec.fits,N/A,,,,,
180,GDN,GDN_4762_33609,1,gdn-fujimoto-v4_g395m-f290lp_4762_33609.spec.fits,G395M,42.86219857071837,41.660790659072795,,,
180,GDN,GDN_4762_33609,2,gdn-fujimoto-v4_g140m-f070lp_4762_33609.spec.fits,N/A,,,,,
181,MACS1149,MACS1149_2758_150471,1,macs1149-stiavelli2-v4_g235m-f170lp_2758_150471.spec.fits,G235M,,42.626668597995696,,,
181,MACS1149,MACS1149_2758_150471,2,macs1149-stiavelli2-v4_g395m-f290lp_2758_150471.spec.fits,N/A,,,,,
182,RUBIES,RUBIES_4233_172350,1,rubies-uds23-v4_g395m-f290lp_4233_172350.spec.fits,G395M,20.295445492159164,42.23308820862941,,,
182,RUBIES,RUBIES_4233_172350,2,rubies-uds23-v4_prism-clear_4233_172350.spec.fits,PRISM,14.570290430421556,,,,
183,GTO,GTO_1215_3470,1,gto-wide-uds10-v4_g235h-f170lp_1215_3470.spec.fits,G235H,,41.83282483588178,,,
183,GTO,GTO_1215_3470,2,gto-wide-uds10-v4_g395h-f290lp_1215_3470.spec.fits,N/A,,,,,
183,GTO,GTO_1215_3470,3,gto-wide-uds10-v4_prism-clear_1215_3470.spec.fits,N/A,,,,,
184,RUBIES,RUBIES-EGS-50812,1,rubies-egs62-v4_g395m-f290lp_4233_50812.spec.fits,G395M,,41.622704379076026,,,
184,RUBIES,RUBIES-EGS-50812,2,rubies-egs62-v4_prism-clear_4233_50812.spec.fits,N/A,,,,,
185,RUBIES,RUBIES-UDS-11721,1,rubies-uds41-v4_g395m-f290lp_4233_11721.spec.fits,G395M,,41.285329195151405,,,
185,RUBIES,RUBIES-UDS-11721,2,rubies-uds41-v4_prism-clear_4233_11721.spec.fits,N/A,,,,,
186,RUBIES,RUBIES_4233_54059,1,rubies-uds2-v4_prism-clear_4233_54059.spec.fits,PRISM,41.23415729775287,,,,
186,RUBIES,RUBIES_4233_54059,2,rubies-uds2-v4_g395m-f290lp_4233_54059.spec.fits,G395M,,38.13159936972696,,,
187,VALENTINO,VALENTINO_3567_40904,1,valentino-obs19-v4_g235m-f170lp_3567_40904.spec.fits,G235M,5.22372138729859,41.111064701587075,,,
188,JADES,JADES_1181_20621,1,jades-gdn11-v4_g395h-f290lp_1181_20621.spec.fits,G395H,22.45836696541629,40.763242654434336,,,
188,JADES,JADES_1181_20621,2,jades-gdn11-v4_g395m-f290lp_1181_20621.spec.fits,G395M,27.99547778275062,40.14102730371524,,,
188,JADES,JADES_1181_20621,3,jades-gdn11-v4_g235m-f170lp_1181_20621.spec.fits,G235M,34.212566563315725,25.047941828598073,,,
188,JADES,JADES_1181_20621,4,jades-gdn11-v4_prism-clear_1181_20621.spec.fits,PRISM,28.882274867091137,,,,
188,JADES,JADES_1181_20621,5,jades-gdn11-v4_g140m-f070lp_1181_20621.spec.fits,N/A,,,,,
189,UDS,UDS-14947,1,rubies-uds42-v4_prism-clear_4233_14947.spec.fits,PRISM,40.648193396184325,,,,
189,UDS,UDS-14947,2,rubies-uds42-v4_g395m-f290lp_4233_14947.spec.fits,G395M,31.326191375736126,34.00513633538487,,,
190,JADES,JADES_1180_10013268,1,jades-gds-wide3-v4_prism-clear_1180_10013268.spec.fits,PRISM,40.4556898945441,,,,
190,JADES,JADES_1180_10013268,2,jades-gds-wide3-v4_g395m-f290lp_1180_10013268.spec.fits,G395M,,39.93423709051874,,,
190,JADES,JADES_1180_10013268,3,jades-gds-wide3-v4_g235m-f170lp_1180_10013268.spec.fits,G235M,38.82700869071405,,,,
190,JADES,JADES_1180_10013268,4,jades-gds-wide3-v4_g140m-f070lp_1180_10013268.spec.fits,G140M,18.07649704204292,,,,
191,BLUEJAY,BLUEJAY_1810_19572,1,bluejay-north-v4_g140m-f100lp_1810_19572.spec.fits,G140M,40.43740591611695,26.177749829256268,,,
191,BLUEJAY,BLUEJAY_1810_19572,2,bluejay-north-v4_g235m-f170lp_1810_19572.spec.fits,G235M,,25.432636072672558,,,
191,BLUEJAY,BLUEJAY_1810_19572,3,bluejay-north-v4_g395m-f290lp_1810_19572.spec.fits,N/A,,,,,
192,RUBIES,RUBIES_4233_13872,1,rubies-egs51-v4_g395m-f290lp_4233_13872.spec.fits,G395M,40.22623304409387,36.052921963249005,,,
192,RUBIES,RUBIES_4233_13872,2,rubies-egs51-v4_prism-clear_4233_13872.spec.fits,PRISM,33.603887189935364,,,,
193,RUBIES,RUBIES_4233_6411,1,rubies-egs51-v4_g395m-f290lp_4233_6411.spec.fits,G395M,36.116823271542835,40.108473816631786,,,
193,RUBIES,RUBIES_4233_6411,2,rubies-egs51-v4_prism-clear_4233_6411.spec.fits,PRISM,34.73316571392855,,,,
194,JADES,JADES_1181_77652,1,jades-gdn09-v4_g395m-f290lp_1181_77652.spec.fits,G395M,40.09761618750518,35.57491640194477,,,
194,JADES,JADES_1181_77652,2,jades-gdn09-v4_prism-clear_1181_77652.spec.fits,PRISM,36.48410791603296,,,,
194,JADES,JADES_1181_77652,3,jades-gdn09-v4_g395h-f290lp_1181_77652.spec.fits,G395H,29.9523714613365,28.333099525936756,,,
194,JADES,JADES_1181_77652,4,jades-gdn09-v4_g235m-f170lp_1181_77652.spec.fits,G235M,,20.79026077525659,,,
194,JADES,JADES_1181_77652,5,jades-gdn09-v4_g140m-f070lp_1181_77652.spec.fits,N/A,,,,,
195,RUBIES,RUBIES_4233_55604,1,rubies-egs61-v4_g395m-f290lp_4233_55604.spec.fits,G395M,39.93396797651314,37.64755978200398,,,
195,RUBIES,RUBIES_4233_55604,2,rubies-egs61-v4_prism-clear_4233_55604.spec.fits,PRISM,30.586961272008867,,,,
196,JADES,JADES_1181_29711,1,jades-gdn2-v4_g235m-f170lp_1181_29711.spec.fits,G235M,,39.29511981242464,,,
196,JADES,JADES_1181_29711,2,jades-gdn2-v4_g140m-f070lp_1181_29711.spec.fits,G140M,,27.898547065809524,,,
196,JADES,JADES_1181_29711,3,jades-gdn2-v4_g395m-f290lp_1181_29711.spec.fits,N/A,,,,,
196,JADES,JADES_1181_29711,4,jades-gdn2-v4_prism-clear_1181_29711.spec.fits,N/A,,,,,
197,CEERS,CEERS_1345_2782,1,ceers-v4_prism-clear_1345_2782.spec.fits,PRISM,39.008481845169975,,,,
197,CEERS,CEERS_1345_2782,2,ceers-v4_g395m-f290lp_1345_2782.spec.fits,G395M,36.13824284972279,37.360772361418555,,,
197,CEERS,CEERS_1345_2782,3,ceers-v4_g235m-f170lp_1345_2782.spec.fits,G235M,33.459476848307695,20.078642827771688,,,
197,CEERS,CEERS_1345_2782,4,ceers-v4_g140m-f100lp_1345_2782.spec.fits,N/A,,,,,
198,RUBIES,RUBIES_4233_42658,1,rubies-uds41-v4_g395m-f290lp_4233_42658.spec.fits,G395M,30.715024422135894,38.980982287963414,,,
199,RUBIES,RUBIES_4233_807469,1,rubies-uds42-v4_g395m-f290lp_4233_807469.spec.fits,G395M,38.933343023507895,28.821125198367422,,,
199,RUBIES,RUBIES_4233_807469,2,rubies-uds42-v4_prism-clear_4233_807469.spec.fits,PRISM,29.94499553142861,,,,
200,EGS,EGS-53254,1,capers-egs53-v4_prism-clear_6368_10108.spec.fits,PRISM,38.89796604849632,,,,
200,EGS,EGS-53254,2,rubies-egs53-v4_g395m-f290lp_4233_53254.spec.fits,G395M,20.472616957853084,16.124194697184265,,,
200,EGS,EGS-53254,3,rubies-egs53-v4_prism-clear_4233_53254.spec.fits,PRISM,20.082408361061407,,,,
201,UDS,UDS-144195,1,rubies-uds23-v4_g395m-f290lp_4233_144195.spec.fits,G395M,,38.88939789454205,,,
201,UDS,UDS-144195,2,rubies-uds23-v4_prism-clear_4233_144195.spec.fits,N/A,,,,,
202,GN,GN-38509,1,jades-gdn2-v4_prism-clear_1181_38509.spec.fits,PRISM,38.81073720942339,,,,
202,GN,GN-38509,2,jades-gdn2-v4_g395m-f290lp_1181_38509.spec.fits,G395M,34.83552860857071,,,,
202,GN,GN-38509,3,jades-gdn2-v4_g235m-f170lp_1181_38509.spec.fits,G235M,27.47374918812441,,,,
202,GN,GN-38509,4,jades-gdn2-v4_g140m-f070lp_1181_38509.spec.fits,N/A,,,,,
203,RUBIES,RUBIES_4233_150323,1,rubies-uds31-v4_g395m-f290lp_4233_150323.spec.fits,G395M,,38.76269206379987,,,
204,J0226,J0226_3325_9556,1,j0226-wang-v4_g395m-f290lp_3325_9556.spec.fits,G395M,38.30205143567609,18.850136269436604,,,
205,JADES,JADES_1181_1093,1,jades-gdn11-v4_g395m-f290lp_1181_1093.spec.fits,G395M,29.34389614005078,38.23297384664129,,,
205,JADES,JADES_1181_1093,2,jades-gdn11-v4_prism-clear_1181_1093.spec.fits,PRISM,28.7308716147798,,,,
205,JADES,JADES_1181_1093,3,jades-gdn11-v4_g395h-f290lp_1181_1093.spec.fits,G395H,27.90651421633708,,,,
205,JADES,JADES_1181_1093,4,jades-gdn11-v4_g235m-f170lp_1181_1093.spec.fits,G235M,21.463434263708017,,,,
205,JADES,JADES_1181_1093,5,jades-gdn11-v4_g140m-f070lp_1181_1093.spec.fits,N/A,,,,,
206,AURORA,AURORA_1914_5469,1,aurora-gdn01-v4_g235m-f170lp_1914_5469.spec.fits,G235M,8.6788901584535,38.01590503748821,,,
206,AURORA,AURORA_1914_5469,2,aurora-gdn01-v4_g140m-f100lp_1914_5469.spec.fits,G140M,16.664567892408197,30.819908188879538,,,
206,AURORA,AURORA_1914_5469,3,aurora-gdn01-v4_g395m-f290lp_1914_5469.spec.fits,N/A,,,,,
207,JADES,JADES_1180_107700,1,jades-gds-wide2-v4_g235m-f170lp_1180_107700.spec.fits,G235M,4.141273970569431,37.72906153253849,,,
207,JADES,JADES_1180_107700,2,gds-rieke-v4_g235m-f170lp_1207_208000.spec.fits,G235M,,25.035773345567424,,,
207,JADES,JADES_1180_107700,3,jades-gds-wide2-v4_g140m-f070lp_1180_107700.spec.fits,G140M,,23.528289137158918,,,
207,JADES,JADES_1180_107700,4,gds-rieke-v4_g140m-f100lp_1207_208000.spec.fits,G140M,,13.860713048584628,,,
207,JADES,JADES_1180_107700,5,jades-gds-wide2-v4_g395m-f290lp_1180_107700.spec.fits,N/A,,,,,
207,JADES,JADES_1180_107700,6,jades-gds-wide2-v4_prism-clear_1180_107700.spec.fits,N/A,,,,,
208,RUBIES,RUBIES_4233_925921,1,rubies-egs51-v4_g395m-f290lp_4233_925921.spec.fits,G395M,37.62201777600438,22.535171255605487,,,
208,RUBIES,RUBIES_4233_925921,2,rubies-egs51-v4_prism-clear_4233_925921.spec.fits,PRISM,26.270314774842493,,,,
209,RUBIES,RUBIES-EGS-17146,1,capers-egs61-v4_prism-clear_6368_24591.spec.fits,PRISM,37.149029263272574,,,,
209,RUBIES,RUBIES-EGS-17146,2,rubies-egs63-v4_g395m-f290lp_4233_17146.spec.fits,G395M,29.64995790254277,34.817621807085665,,,
209,RUBIES,RUBIES-EGS-17146,3,rubies-egs63-v4_prism-clear_4233_17146.spec.fits,PRISM,21.68264336193004,,,,
210,VALENTINO,VALENTINO_3567_44330,1,valentino-cosmos04-v4_g235m-f170lp_3567_44330.spec.fits,G235M,19.502905654823646,37.0139916796486,,,
211,RUBIES,RUBIES_4233_17604,1,rubies-uds43-v4_g395m-f290lp_4233_17604.spec.fits,G395M,36.860160233683295,29.192543267301527,,,
212,VALENTINO,VALENTINO_3567_71,1,valentino-obs10-v4_g235m-f170lp_3567_71.spec.fits,G235M,,36.65598742287709,,,
213,RUBIES,RUBIES_4233_10036,1,rubies-uds42-v4_g395m-f290lp_4233_10036.spec.fits,G395M,,36.49829266174217,,,
213,RUBIES,RUBIES_4233_10036,2,rubies-uds42-v4_prism-clear_4233_10036.spec.fits,N/A,,,,,
214,J0226,J0226_3325_10867,1,j0226-wang-v4_g395m-f290lp_3325_10867.spec.fits,G395M,36.32571563994251,19.06408105865923,,,
215,BLUEJAY,BLUEJAY_1810_17000,1,bluejay-north-v4_g235m-f170lp_1810_17000.spec.fits,G235M,12.100229588025227,36.30570429337685,,,
215,BLUEJAY,BLUEJAY_1810_17000,2,bluejay-north-v4_g140m-f100lp_1810_17000.spec.fits,G140M,13.16577388655817,,,,
215,BLUEJAY,BLUEJAY_1810_17000,3,bluejay-north-v4_g395m-f290lp_1810_17000.spec.fits,G395M,,6.22857534279281,,,
216,JADES,JADES_1286_37746,1,jades-gds1-v4_g235m-f170lp_1286_37746.spec.fits,G235M,4.097088689458192,36.30440209557585,,,
216,JADES,JADES_1286_37746,2,jades-gds1-v4_g140m-f070lp_1286_37746.spec.fits,G140M,5.0970679257730875,,,,
216,JADES,JADES_1286_37746,3,jades-gds1-v4_g395h-f290lp_1286_37746.spec.fits,N/A,,,,,
216,JADES,JADES_1286_37746,4,jades-gds1-v4_g395m-f290lp_1286_37746.spec.fits,N/A,,,,,
216,JADES,JADES_1286_37746,5,jades-gds1-v4_prism-clear_1286_37746.spec.fits,N/A,,,,,
217,RUBIES,RUBIES_4233_41683,1,rubies-egs53-v4_g395m-f290lp_4233_41683.spec.fits,G395M,,36.00162482056691,,,
218,VALENTINO,VALENTINO_3567_406,1,valentino-obs10-v4_g235m-f170lp_3567_406.spec.fits,G235M,14.742578970871987,35.672311312128606,,,
219,RUBIES,RUBIES_4233_61627,1,rubies-uds2-v4_g395m-f290lp_4233_61627.spec.fits,G395M,,35.60763386318126,,,
219,RUBIES,RUBIES_4233_61627,2,rubies-uds2-v4_prism-clear_4233_61627.spec.fits,N/A,,,,,
220,GDS,GDS_1207_201027,1,gds-rieke-v4_g140m-f100lp_1207_201027.spec.fits,G140M,35.46887088269462,,,,
220,GDS,GDS_1207_201027,2,gds-rieke-v4_g235m-f170lp_1207_201027.spec.fits,G235M,,33.94658074408139,,,
221,RUBIES,RUBIES_4233_31747,1,rubies-uds1-v4_g395m-f290lp_4233_31747.spec.fits,G395M,,35.38608897056408,,,
221,RUBIES,RUBIES_4233_31747,2,rubies-uds1-v4_prism-clear_4233_31747.spec.fits,PRISM,7.24927052084141,,,,
222,RUBIES,RUBIES_4233_147412,1,rubies-uds23-v4_g395m-f290lp_4233_147412.spec.fits,G395M,,35.372279962988095,,,
222,RUBIES,RUBIES_4233_147412,2,mom-uds01-v4_prism-clear_5224_147412.spec.fits,N/A,,,,,
222,RUBIES,RUBIES_4233_147412,3,rubies-uds23-v4_prism-clear_4233_147412.spec.fits,N/A,,,,,
223,EGS,EGS-927271,1,rubies-egs51-v4_g395m-f290lp_4233_927271.spec.fits,G395M,35.1829782273872,15.878514419931218,,,
223,EGS,EGS-927271,2,rubies-egs51-v4_prism-clear_4233_927271.spec.fits,PRISM,31.33315676064961,,,,
224,UDS,UDS-19112,1,rubies-uds42-v4_prism-clear_4233_19112.spec.fits,PRISM,35.04560028091967,,,,
224,UDS,UDS-19112,2,rubies-uds42-v4_g395m-f290lp_4233_19112.spec.fits,G395M,26.801260337262914,20.064956817137432,,,
225,RUBIES,RUBIES_4233_139709,1,rubies-uds22-v4_g395m-f290lp_4233_139709.spec.fits,G395M,32.740692238781925,34.98028305156475,,,
225,RUBIES,RUBIES_4233_139709,2,rubies-uds22-v4_prism-clear_4233_139709.spec.fits,N/A,,,,,
226,UDS,UDS-5496,1,rubies-uds41-v4_g395m-f290lp_4233_5496.spec.fits,G395M,,34.421796811232284,,,
226,UDS,UDS-5496,2,rubies-uds41-v4_prism-clear_4233_5496.spec.fits,N/A,,,,,
227,RUBIES,RUBIES_4233_37124,1,rubies-egs52-v4_g395m-f290lp_4233_37124.spec.fits,G395M,,33.9128496537601,,,
227,RUBIES,RUBIES_4233_37124,2,rubies-egs52-v4_prism-clear_4233_37124.spec.fits,PRISM,11.1494635657156,,,,
228,RUBIES,RUBIES_4233_58237,1,rubies-egs62-v4_g395m-f290lp_4233_58237.spec.fits,G395M,,33.91098830769085,,,
228,RUBIES,RUBIES_4233_58237,2,glazebrook-egs-v4_prism-clear_2565_118854.spec.fits,N/A,,,,,
228,RUBIES,RUBIES_4233_58237,3,rubies-egs62-v4_prism-clear_4233_58237.spec.fits,N/A,,,,,
229,UDS,UDS-149298,1,rubies-uds31-v4_g395m-f290lp_4233_149298.spec.fits,G395M,30.669103281417804,33.874120830838926,,,
229,UDS,UDS-149298,2,capers-udsp2-v4_prism-clear_6368_10997.spec.fits,PRISM,31.86465186441139,,,,
229,UDS,UDS-149298,3,rubies-uds31-v4_prism-clear_4233_149298.spec.fits,PRISM,20.855431092043748,,,,
230,EGS,EGS_4287_127193,1,egs-mason-v4_g395m-f290lp_4287_127193.spec.fits,G395M,33.101514095339724,29.036768029681916,,,
230,EGS,EGS_4287_127193,2,egs-mason-v4_g140h-f100lp_4287_127193.spec.fits,N/A,,,,,
231,UDS,UDS-42289,1,rubies-uds3-v4_g395m-f290lp_4233_42289.spec.fits,G395M,,32.95904044965645,,,
231,UDS,UDS-42289,2,rubies-uds3-v4_prism-clear_4233_42289.spec.fits,N/A,,,,,
232,JADES,JADES_1181_23367,1,jades-gdn2-v4_g235m-f170lp_1181_23367.spec.fits,G235M,32.949881822232186,30.688949336693923,,,
232,JADES,JADES_1181_23367,2,jades-gdn2-v4_g140m-f070lp_1181_23367.spec.fits,G140M,26.745034405707564,,,,
232,JADES,JADES_1181_23367,3,jades-gdn2-v4_g395m-f290lp_1181_23367.spec.fits,N/A,,,,,
232,JADES,JADES_1181_23367,4,jades-gdn2-v4_prism-clear_1181_23367.spec.fits,N/A,,,,,
233,RUBIES,RUBIES_4233_29489,1,rubies-egs52-v4_g395m-f290lp_4233_29489.spec.fits,G395M,3.0881394619727045,32.04421049969396,,,
233,RUBIES,RUBIES_4233_29489,2,capers-egs47-v4_prism-clear_6368_19300.spec.fits,PRISM,30.20739141362672,,,,
233,RUBIES,RUBIES_4233_29489,3,rubies-egs52-v4_prism-clear_4233_29489.spec.fits,PRISM,10.481916979367456,,,,
234,UDS,UDS-44043,1,rubies-uds1-v4_g395m-f290lp_4233_44043.spec.fits,G395M,,31.94114026390818,,,
235,UDS,UDS-167741,1,rubies-uds23-v4_g395m-f290lp_4233_167741.spec.fits,G395M,,31.5533648384204,,,
235,UDS,UDS-167741,2,rubies-uds23-v4_prism-clear_4233_167741.spec.fits,PRISM,23.71017920961775,,,,
236,RUBIES,RUBIES_4233_48449,1,rubies-uds2-v4_g395m-f290lp_4233_48449.spec.fits,G395M,29.554233445609725,30.875391973283257,,,
236,RUBIES,RUBIES_4233_48449,2,rubies-uds2-v4_prism-clear_4233_48449.spec.fits,PRISM,26.557402475514188,,,,
237,JADES,JADES_1181_22456,1,jades-gdn2-v4_g235m-f170lp_1181_22456.spec.fits,G235M,7.03586502107648,30.816054813865215,,,
237,JADES,JADES_1181_22456,2,goodsn-wide0-v4_g235h-f170lp_1211_3530.spec.fits,G235H,5.879844591459569,,,,
237,JADES,JADES_1181_22456,3,jades-gdn2-v4_g140m-f070lp_1181_22456.spec.fits,G140M,5.683872886827016,,,,
237,JADES,JADES_1181_22456,4,goodsn-wide0-v4_g395h-f290lp_1211_3530.spec.fits,N/A,,,,,
237,JADES,JADES_1181_22456,5,goodsn-wide0-v4_prism-clear_1211_3530.spec.fits,N/A,,,,,
237,JADES,JADES_1181_22456,6,jades-gdn2-v4_g395m-f290lp_1181_22456.spec.fits,N/A,,,,,
237,JADES,JADES_1181_22456,7,jades-gdn2-v4_prism-clear_1181_22456.spec.fits,N/A,,,,,
238,RUBIES,RUBIES-EGS-46985,1,rubies-egs53-v4_g395m-f290lp_4233_46985.spec.fits,G395M,30.58797911013823,28.715691652873023,,,
238,RUBIES,RUBIES-EGS-46985,2,rubies-egs53-v4_prism-clear_4233_46985.spec.fits,N/A,,,,,
239,RUBIES,RUBIES_4233_148866,1,rubies-uds23-v4_g395m-f290lp_4233_148866.spec.fits,G395M,7.569316903290073,30.580258733288282,,,
239,RUBIES,RUBIES_4233_148866,2,rubies-uds23-v4_prism-clear_4233_148866.spec.fits,PRISM,7.752226732408034,,,,
240,RUBIES,RUBIES_4233_25712,1,rubies-egs53-v4_g395m-f290lp_4233_25712.spec.fits,G395M,,30.501242519295165,,,
240,RUBIES,RUBIES_4233_25712,2,rubies-egs53-v4_prism-clear_4233_25712.spec.fits,N/A,,,,,
241,UDS,UDS-23438,1,rubies-uds42-v4_g395m-f290lp_4233_23438.spec.fits,G395M,,30.403884207583037,,,
241,UDS,UDS-23438,2,rubies-uds42-v4_prism-clear_4233_23438.spec.fits,N/A,,,,,
242,JADES,JADES_1286_172975,1,jades-gds03-v4_g395m-f290lp_1286_172975.spec.fits,G395M,11.652405646401778,29.901612055385534,,,
242,JADES,JADES_1286_172975,2,jades-gds03-v4_g395h-f290lp_1286_172975.spec.fits,G395H,10.654828303077185,20.858837151898832,,,
242,JADES,JADES_1286_172975,3,jades-gds03-v4_prism-clear_1286_172975.spec.fits,PRISM,19.674328505492614,,,,
242,JADES,JADES_1286_172975,4,jades-gds03-v4_g235m-f170lp_1286_172975.spec.fits,G235M,14.647853915196803,16.506926509110368,,,
242,JADES,JADES_1286_172975,5,jades-gds03-v4_g140m-f070lp_1286_172975.spec.fits,N/A,,,,,
243,UDS,UDS-171824,1,rubies-uds31-v4_g395m-f290lp_4233_171824.spec.fits,G395M,7.859638612570748,29.701836250546922,,,
243,UDS,UDS-171824,2,rubies-uds31-v4_prism-clear_4233_171824.spec.fits,PRISM,19.043133209614805,,,,
244,JADES,JADES_1181_28428,1,jades-gdn10-v4_g235m-f170lp_1181_28428.spec.fits,G235M,,29.69370285434717,,,
244,JADES,JADES_1181_28428,2,jades-gdn10-v4_g140m-f070lp_1181_28428.spec.fits,G140M,5.202343700950711,,,,
244,JADES,JADES_1181_28428,3,jades-gdn10-v4_g395h-f290lp_1181_28428.spec.fits,N/A,,,,,
244,JADES,JADES_1181_28428,4,jades-gdn10-v4_g395m-f290lp_1181_28428.spec.fits,N/A,,,,,
244,JADES,JADES_1181_28428,5,jades-gdn10-v4_prism-clear_1181_28428.spec.fits,N/A,,,,,
245,UDS,UDS-143498,1,rubies-uds31-v4_g395m-f290lp_4233_143498.spec.fits,G395M,,29.49560878681352,,,
246,GS,GS-20030333,1,jades-gds06-v4_g395m-f290lp_1286_20030333.spec.fits,G395M,29.074603680840255,,,,
246,GS,GS-20030333,2,jades-gds06-v4_prism-clear_1286_20030333.spec.fits,PRISM,28.96546723063592,,,,
246,GS,GS-20030333,3,jades-gds06-v4_g395h-f290lp_1286_20030333.spec.fits,G395H,20.77360842397082,,,,
246,GS,GS-20030333,4,jades-gds06-v4_g140m-f070lp_1286_20030333.spec.fits,N/A,,,,,
246,GS,GS-20030333,5,jades-gds06-v4_g235m-f170lp_1286_20030333.spec.fits,N/A,,,,,
247,EGS,EGS-931291,1,capers-egs55-v4_prism-clear_6368_53828.spec.fits,PRISM,28.54384471321985,,,,
247,EGS,EGS-931291,2,rubies-egs53-v4_prism-clear_4233_931291.spec.fits,PRISM,15.481505961061387,,,,
247,EGS,EGS-931291,3,rubies-egs53-v4_g395m-f290lp_4233_931291.spec.fits,G395M,6.11672042117508,14.482757830104045,,,
248,JADES,JADES_1181_39353,1,jades-gdn-v4_g395h-f290lp_1181_39353.spec.fits,G395H,,28.293994808798367,,,
248,JADES,JADES_1181_39353,2,jades-gdn-v4_g395m-f290lp_1181_39353.spec.fits,G395M,,26.0555499287406,,,
248,JADES,JADES_1181_39353,3,jades-gdn-v4_prism-clear_1181_39353.spec.fits,PRISM,23.88276242975772,,,,
248,JADES,JADES_1181_39353,4,jades-gdn198-v4_prism-clear_1181_39353.spec.fits,PRISM,21.372688740743087,,,,
248,JADES,JADES_1181_39353,5,jades-gdn-v4_g235m-f170lp_1181_39353.spec.fits,G235M,18.954294845803926,18.51919372517155,,,
248,JADES,JADES_1181_39353,6,jades-gdn-v4_g140m-f070lp_1181_39353.spec.fits,N/A,,,,,
249,COSMOS,COSMOS_4318_126981,1,cosmos-alpha-v4_g235m-f170lp_4318_126981.spec.fits,G235M,4.520114372554731,28.081222711529115,,,
249,COSMOS,COSMOS_4318_126981,2,cosmos-alpha-v4_g395m-f290lp_4318_126981.spec.fits,N/A,,,,,
250,BLUEJAY,BLUEJAY_1810_18688,1,bluejay-north-v4_g140m-f100lp_1810_18688.spec.fits,G140M,27.610805942719598,26.639743078793856,,,
250,BLUEJAY,BLUEJAY_1810_18688,2,bluejay-north-v4_g235m-f170lp_1810_18688.spec.fits,G235M,,22.701113530805912,,,
250,BLUEJAY,BLUEJAY_1810_18688,3,bluejay-north-v4_g395m-f290lp_1810_18688.spec.fits,N/A,,,,,
251,RUBIES,RUBIES-UDS-19484,1,rubies-uds1-v4_g395m-f290lp_4233_19484.spec.fits,G395M,9.410758750480493,27.59950828795981,,,
251,RUBIES,RUBIES-UDS-19484,2,rubies-uds1-v4_prism-clear_4233_19484.spec.fits,PRISM,8.78686079835737,,,,
252,J0226,J0226_3325_6699,1,j0226-wang-v4_g395m-f290lp_3325_6699.spec.fits,G395M,,27.376314450226946,,,
253,VALENTINO,VALENTINO_3567_262,1,valentino-obs08-v4_g235m-f170lp_3567_262.spec.fits,G235M,26.15165528086732,12.123775550304599,,,
254,GOODSN,GOODSN_1211_4151,1,goodsn-wide8-v4_g235h-f170lp_1211_4151.spec.fits,G235H,,26.10775150891339,,,
254,GOODSN,GOODSN_1211_4151,2,goodsn-wide8-v4_g395h-f290lp_1211_4151.spec.fits,N/A,,,,,
254,GOODSN,GOODSN_1211_4151,3,goodsn-wide8-v4_prism-clear_1211_4151.spec.fits,N/A,,,,,
255,RUBIES,RUBIES_4233_61496,1,rubies-egs61-v4_g395m-f290lp_4233_61496.spec.fits,G395M,8.884702722158382,25.36801203920182,,,
255,RUBIES,RUBIES_4233_61496,2,rubies-egs61-v4_prism-clear_4233_61496.spec.fits,PRISM,7.530607107285152,,,,
256,RUBIES,RUBIES_4233_37032,1,rubies-egs53-v4_g395m-f290lp_4233_37032.spec.fits,G395M,,25.3504026640557,,,
256,RUBIES,RUBIES_4233_37032,2,rubies-egs53-v4_prism-clear_4233_37032.spec.fits,N/A,,,,,
257,MACS0416,MACS0416_4750_22011,1,macs0416-nakajima-v4_g395m-f290lp_4750_22011.spec.fits,G395M,5.785736779961276,24.699935166314347,,,
257,MACS0416,MACS0416_4750_22011,2,macs0416-nakajima-v4_g140m-f070lp_4750_22011.spec.fits,N/A,,,,,
258,J0226,J0226_3325_3190,1,j0226-wang-v4_g395m-f290lp_3325_3190.spec.fits,G395M,22.162467946881776,24.07890852425482,,,
259,RUBIES,RUBIES_4233_15825,1,rubies-egs51-v4_g395m-f290lp_4233_15825.spec.fits,G395M,,23.85484528634319,,,
259,RUBIES,RUBIES_4233_15825,2,rubies-egs51-v4_prism-clear_4233_15825.spec.fits,N/A,,,,,
260,UDS,UDS-919440,1,rubies-uds22-v4_prism-clear_4233_919440.spec.fits,PRISM,23.46893238425184,,,,
260,UDS,UDS-919440,2,rubies-uds22-v4_g395m-f290lp_4233_919440.spec.fits,G395M,22.65176654276007,8.625005864177503,,,
260,UDS,UDS-919440,3,mom-uds02-v4_prism-clear_5224_919440.spec.fits,N/A,,,,,
261,EGS,EGS-959367,1,rubies-egs62-v4_g395m-f290lp_4233_959367.spec.fits,G395M,23.249427843601655,5.564993878616002,,,
261,EGS,EGS-959367,2,rubies-egs62-v4_prism-clear_4233_959367.spec.fits,PRISM,19.499549356147675,,,,
261,EGS,EGS-959367,3,rubies-egs63-v4_g395m-f290lp_4233_959367.spec.fits,G395M,16.73556240193248,6.08836169674496,,,
261,EGS,EGS-959367,4,rubies-egs63-v4_prism-clear_4233_959367.spec.fits,PRISM,16.441508066577818,,,,
262,JADES,JADES_1180_197911,1,jades-gds-wide3-v4_g235m-f170lp_1180_197911.spec.fits,G235M,22.59971669386434,23.180549984053997,,,
262,JADES,JADES_1180_197911,2,jades-gds-wide3-v4_g140m-f070lp_1180_197911.spec.fits,G140M,14.72873387945675,,,,
262,JADES,JADES_1180_197911,3,jades-gds-w05-v4_prism-clear_1212_4582.spec.fits,N/A,,,,,
262,JADES,JADES_1180_197911,4,jades-gds-wide3-v4_g395m-f290lp_1180_197911.spec.fits,N/A,,,,,
262,JADES,JADES_1180_197911,5,jades-gds-wide3-v4_prism-clear_1180_197911.spec.fits,N/A,,,,,
263,GTO,GTO_1215_4250,1,gto-wide-uds12-v4_g235h-f170lp_1215_4250.spec.fits,G235H,,21.948923114444153,,,
263,GTO,GTO_1215_4250,2,gto-wide-uds12-v4_g395h-f290lp_1215_4250.spec.fits,N/A,,,,,
263,GTO,GTO_1215_4250,3,gto-wide-uds12-v4_prism-clear_1215_4250.spec.fits,N/A,,,,,
264,UDS,UDS-966096,1,rubies-uds32-v4_g395m-f290lp_4233_966096.spec.fits,G395M,,21.75581958405328,,,
264,UDS,UDS-966096,2,rubies-uds32-v4_prism-clear_4233_966096.spec.fits,N/A,,,,,
265,GTO,GTO_1215_3757,1,gto-wide-uds13-v4_g395h-f290lp_1215_3757.spec.fits,G395H,,21.456048258170664,,,
265,GTO,GTO_1215_3757,2,gto-wide-uds13-v4_g235h-f170lp_1215_3757.spec.fits,N/A,,,,,
265,GTO,GTO_1215_3757,3,gto-wide-uds13-v4_prism-clear_1215_3757.spec.fits,N/A,,,,,
266,UDS,UDS-840721,1,rubies-uds42-v4_g395m-f290lp_4233_840721.spec.fits,G395M,,20.971985854175095,,,
266,UDS,UDS-840721,2,rubies-uds42-v4_prism-clear_4233_840721.spec.fits,PRISM,19.143157337227326,,,,
267,CEERS,CEERS_1345_746,1,ceers-v4_g395m-f290lp_1345_746.spec.fits,G395M,15.470462940960447,20.966180010458206,,,
267,CEERS,CEERS_1345_746,2,ceers-v4_prism-clear_1345_746.spec.fits,PRISM,13.69777068869892,,,,
267,CEERS,CEERS_1345_746,3,ceers-v4_g235m-f170lp_1345_746.spec.fits,G235M,9.376323260876392,9.496095257781828,,,
267,CEERS,CEERS_1345_746,4,ceers-v4_g140m-f100lp_1345_746.spec.fits,N/A,,,,,
268,UDS,UDS-143741,1,rubies-uds23-v4_g395m-f290lp_4233_143741.spec.fits,G395M,,20.794752119381766,,,
268,UDS,UDS-143741,2,rubies-uds23-v4_prism-clear_4233_143741.spec.fits,N/A,,,,,
269,UDS,UDS-24447,1,rubies-uds41-v4_g395m-f290lp_4233_24447.spec.fits,G395M,18.783932706875408,20.433038034605016,,,
269,UDS,UDS-24447,2,rubies-uds41-v4_prism-clear_4233_24447.spec.fits,N/A,,,,,
270,UDS,UDS-848745,1,rubies-uds43-v4_g395m-f290lp_4233_848745.spec.fits,G395M,20.29396458191947,7.647586063225874,,,
270,UDS,UDS-848745,2,rubies-uds43-v4_prism-clear_4233_848745.spec.fits,PRISM,18.141573071395985,,,,
271,JADES,JADES_1181_72127,1,jades-gdn09-v4_g395h-f290lp_1181_72127.spec.fits,G395H,,19.389113182004145,,,
271,JADES,JADES_1181_72127,2,jades-gdn09-v4_g395m-f290lp_1181_72127.spec.fits,G395M,,13.911552568408052,,,
271,JADES,JADES_1181_72127,3,jades-gdn09-v4_g235m-f170lp_1181_72127.spec.fits,G235M,11.76417835983102,11.545832307131365,,,
271,JADES,JADES_1181_72127,4,jades-gdn09-v4_prism-clear_1181_72127.spec.fits,PRISM,5.803982048880235,,,,
271,JADES,JADES_1181_72127,5,jades-gdn09-v4_g140m-f070lp_1181_72127.spec.fits,N/A,,,,,
272,UDS,UDS-19785,1,rubies-uds42-v4_g395m-f290lp_4233_19785.spec.fits,G395M,,19.34075195709379,,,
273,UDS,UDS-34411,1,rubies-uds43-v4_g395m-f290lp_4233_34411.spec.fits,G395M,19.28635194918763,13.633712322751725,,,
273,UDS,UDS-34411,2,rubies-uds43-v4_prism-clear_4233_34411.spec.fits,PRISM,13.89456679609924,,,,
274,J0910,J0910_2028_12910,1,j0910-wang-v4_g395m-f290lp_2028_12910.spec.fits,G395M,9.228616464908958,19.251548457998908,,,
274,J0910,J0910_2028_12910,2,j0910-wang-v4_prism-clear_2028_12910.spec.fits,PRISM,15.230026550145661,,,,
275,GOODSN,GOODSN_1211_2460,1,goodsn-wide6-v4_g235h-f170lp_1211_2460.spec.fits,G235H,,18.901066728372108,,,
275,GOODSN,GOODSN_1211_2460,2,goodsn-wide6-v4_g395h-f290lp_1211_2460.spec.fits,N/A,,,,,
275,GOODSN,GOODSN_1211_2460,3,goodsn-wide6-v4_prism-clear_1211_2460.spec.fits,N/A,,,,,
276,RUBIES,RUBIES_4233_50522,1,rubies-egs62-v4_g395m-f290lp_4233_50522.spec.fits,G395M,,18.736993801998615,,,
276,RUBIES,RUBIES_4233_50522,2,rubies-egs62-v4_prism-clear_4233_50522.spec.fits,N/A,,,,,
277,CEERS,CEERS-672,1,ceers-v4_g395m-f290lp_1345_672.spec.fits,G395M,12.077598791338348,18.612343029772806,,,
277,CEERS,CEERS-672,2,ceers-v4_g235m-f170lp_1345_672.spec.fits,G235M,,7.472949258169104,,,
277,CEERS,CEERS-672,3,ceers-v4_g140m-f100lp_1345_672.spec.fits,N/A,,,,,
278,RUBIES,RUBIES_4233_166271,1,rubies-uds23-v4_g395m-f290lp_4233_166271.spec.fits,G395M,7.903292524940766,18.59168445622059,,,
278,RUBIES,RUBIES_4233_166271,2,rubies-uds23-v4_prism-clear_4233_166271.spec.fits,N/A,,,,,
279,RUBIES,RUBIES_4233_42803,1,capers-egs65-v4_prism-clear_6368_14197.spec.fits,PRISM,18.20616053477119,,,,
279,RUBIES,RUBIES_4233_42803,2,rubies-egs63-v4_g395m-f290lp_4233_42803.spec.fits,G395M,9.692471912727443,11.405890851385161,,,
279,RUBIES,RUBIES_4233_42803,3,rubies-egs63-v4_prism-clear_4233_42803.spec.fits,PRISM,10.193365754506049,,,,
280,RUBIES,RUBIES-UDS-18302,1,rubies-uds1-v4_g395m-f290lp_4233_18302.spec.fits,G395M,,18.122092109862947,,,
280,RUBIES,RUBIES-UDS-18302,2,rubies-uds1-v4_prism-clear_4233_18302.spec.fits,N/A,,,,,
281,JADES,JADES_1180_6112,1,jades-gds-wide2-v4_g235m-f170lp_1180_6112.spec.fits,G235M,17.430424813544423,17.831351552528503,,,
281,JADES,JADES_1180_6112,2,jades-gds-wide2-v4_g140m-f070lp_1180_6112.spec.fits,G140M,11.936697357954891,,,,
281,JADES,JADES_1180_6112,3,jades-gds-w05-v4_prism-clear_1212_5490.spec.fits,N/A,,,,,
281,JADES,JADES_1180_6112,4,jades-gds-wide2-v4_g395m-f290lp_1180_6112.spec.fits,N/A,,,,,
281,JADES,JADES_1180_6112,5,jades-gds-wide2-v4_prism-clear_1180_6112.spec.fits,N/A,,,,,
282,RUBIES,RUBIES_4233_970351,1,rubies-uds21-v4_g395m-f290lp_4233_970351.spec.fits,G395M,14.482358794629635,17.27297816391346,,,
282,RUBIES,RUBIES_4233_970351,2,rubies-uds21-v4_prism-clear_4233_970351.spec.fits,PRISM,15.007878502962424,,,,
283,SUSPENSE,SUSPENSE_2110_128452,1,suspense-kriek-v4_g140m-f100lp_2110_128452.spec.fits,G140M,3.26034756159636,17.173376984707293,,,
284,VALENTINO,VALENTINO_3567_1546,1,valentino-cosmos02-v4_g235m-f170lp_3567_1546.spec.fits,G235M,8.195028334027697,17.166956755233855,,,
285,GS,GS-20057765,1,jades-gds04-v4_prism-clear_1286_20057765.spec.fits,PRISM,17.160918664274952,,,,
285,GS,GS-20057765,2,jades-gds04-v4_g395m-f290lp_1286_20057765.spec.fits,G395M,13.241689110380133,,,,
285,GS,GS-20057765,3,jades-gds04-v4_g140m-f070lp_1286_20057765.spec.fits,N/A,,,,,
285,GS,GS-20057765,4,jades-gds04-v4_g235m-f170lp_1286_20057765.spec.fits,N/A,,,,,
285,GS,GS-20057765,5,jades-gds04-v4_g395h-f290lp_1286_20057765.spec.fits,N/A,,,,,
286,UDS,UDS-60452,1,rubies-uds2-v4_g395m-f290lp_4233_60452.spec.fits,G395M,17.102641278432493,6.200038640716132,,,
287,CEERS,CEERS_1345_2904,1,ceers-v4_g235m-f170lp_1345_2904.spec.fits,G235M,,16.89008132951214,,,
287,CEERS,CEERS_1345_2904,2,ceers-v4_g140m-f100lp_1345_2904.spec.fits,G140M,11.248295863559841,13.702657249065705,,,
287,CEERS,CEERS_1345_2904,3,ceers-v4_g395m-f290lp_1345_2904.spec.fits,N/A,,,,,
288,JADES,JADES_1181_25055,1,jades-gdn11-v4_g140m-f070lp_1181_25055.spec.fits,G140M,11.663261417297912,16.85504933684803,,,
288,JADES,JADES_1181_25055,2,jades-gdn11-v4_g235m-f170lp_1181_25055.spec.fits,N/A,,,,,
288,JADES,JADES_1181_25055,3,jades-gdn11-v4_g395h-f290lp_1181_25055.spec.fits,N/A,,,,,
288,JADES,JADES_1181_25055,4,jades-gdn11-v4_g395m-f290lp_1181_25055.spec.fits,N/A,,,,,
288,JADES,JADES_1181_25055,5,jades-gdn11-v4_prism-clear_1181_25055.spec.fits,N/A,,,,,
289,RUBIES,RUBIES_4233_16053,1,rubies-uds42-v4_g395m-f290lp_4233_16053.spec.fits,G395M,,16.779752672616063,,,
289,RUBIES,RUBIES_4233_16053,2,rubies-uds42-v4_prism-clear_4233_16053.spec.fits,N/A,,,,,
290,GTO,GTO_1213_9063,1,gto-wide-egs1-v4_g235h-f170lp_1213_9063.spec.fits,G235H,,16.244008173521635,,,
290,GTO,GTO_1213_9063,2,ceers-v4_prism-clear_1345_2780.spec.fits,N/A,,,,,
290,GTO,GTO_1213_9063,3,gto-wide-egs1-v4_g395h-f290lp_1213_9063.spec.fits,N/A,,,,,
290,GTO,GTO_1213_9063,4,gto-wide-egs1-v4_prism-clear_1213_9063.spec.fits,N/A,,,,,
291,EGS,EGS_4106_57146,1,egs-nelsonx-v4_prism-clear_4106_57146.spec.fits,PRISM,16.209945393500014,,,,
291,EGS,EGS_4106_57146,2,egs-nelsonx-v4_g395m-f290lp_4106_57146.spec.fits,G395M,13.248470932505754,5.119668899004542,,,
292,BLUEJAY,BLUEJAY_1810_11142,1,bluejay-south-v4_g140m-f100lp_1810_11142.spec.fits,G140M,16.13270875037529,13.168244621333939,,,
292,BLUEJAY,BLUEJAY_1810_11142,2,bluejay-south-v4_g235m-f170lp_1810_11142.spec.fits,G235M,,13.643163768378882,,,
292,BLUEJAY,BLUEJAY_1810_11142,3,bluejay-south-v4_g395m-f290lp_1810_11142.spec.fits,N/A,,,,,
293,GTO,GTO_1214_2937,1,gto-wide-cos01-v4_g235h-f170lp_1214_2937.spec.fits,G235H,,16.018135613749763,,,
293,GTO,GTO_1214_2937,2,gto-wide-cos01-v4_g395h-f290lp_1214_2937.spec.fits,N/A,,,,,
293,GTO,GTO_1214_2937,3,gto-wide-cos01-v4_prism-clear_1214_2937.spec.fits,N/A,,,,,
294,RUBIES,RUBIES_4233_119559,1,rubies-uds22-v4_g395m-f290lp_4233_119559.spec.fits,G395M,,15.726486221327907,,,
294,RUBIES,RUBIES_4233_119559,2,rubies-uds22-v4_prism-clear_4233_119559.spec.fits,N/A,,,,,
295,GOODSN,GOODSN_1211_4319,1,goodsn-wide66-v4_g235h-f170lp_1211_4319.spec.fits,G235H,,15.541252480422454,,,
295,GOODSN,GOODSN_1211_4319,2,goodsn-wide66-v4_g395h-f290lp_1211_4319.spec.fits,N/A,,,,,
295,GOODSN,GOODSN_1211_4319,3,goodsn-wide66-v4_prism-clear_1211_4319.spec.fits,N/A,,,,,
296,UDS,UDS-830237,1,rubies-uds41-v4_g395m-f290lp_4233_830237.spec.fits,G395M,,15.376477080603093,,,
296,UDS,UDS-830237,2,rubies-uds42-v4_prism-clear_4233_830237.spec.fits,PRISM,13.295573640434942,,,,
296,UDS,UDS-830237,3,rubies-uds42-v4_g395m-f290lp_4233_830237.spec.fits,G395M,11.560633062426206,11.875444605129893,,,
296,UDS,UDS-830237,4,rubies-uds41-v4_prism-clear_4233_830237.spec.fits,PRISM,8.948966816450051,,,,
297,SUSPENSE,SUSPENSE_2110_130040,1,suspense-kriek-v4_g140m-f100lp_2110_130040.spec.fits,G140M,4.26635145922612,15.06721542413123,,,
298,EXCELS,EXCELS_3543_69759,1,excels-uds03-v4_g140m-f100lp_3543_69759.spec.fits,G140M,14.775283343944482,7.986668773125045,,,
299,RUBIES,RUBIES_4233_50716,1,rubies-uds3-v4_prism-clear_4233_50716.spec.fits,PRISM,14.598291338279227,,,,
299,RUBIES,RUBIES_4233_50716,2,rubies-uds3-v4_g395m-f290lp_4233_50716.spec.fits,G395M,10.187787135518853,8.062920760213752,,,
300,MACS1149,MACS1149_2758_30028,1,macs1149-stiavelli2-v4_g395m-f290lp_2758_30028.spec.fits,G395M,10.980241723247966,14.501337521565127,,,
300,MACS1149,MACS1149_2758_30028,2,macs1149-stiavelli2-v4_g235m-f170lp_2758_30028.spec.fits,G235M,7.911048331564733,,,,
301,RUBIES,RUBIES-UDS-155916,1,rubies-uds23-v4_prism-clear_4233_155916.spec.fits,PRISM,14.414892446930901,,,,
301,RUBIES,RUBIES-UDS-155916,2,rubies-uds23-v4_g395m-f290lp_4233_155916.spec.fits,G395M,,12.641697307627405,,,
302,GOODSN,GOODSN_1211_1795,1,goodsn-wide0-v4_g235h-f170lp_1211_1795.spec.fits,G235H,,14.393289623096498,,,
302,GOODSN,GOODSN_1211_1795,2,goodsn-wide0-v4_g395h-f290lp_1211_1795.spec.fits,N/A,,,,,
302,GOODSN,GOODSN_1211_1795,3,goodsn-wide0-v4_prism-clear_1211_1795.spec.fits,N/A,,,,,
303,RUBIES,RUBIES-UDS-21944,1,rubies-uds33-v4_g395m-f290lp_4233_21944.spec.fits,G395M,,13.711502761860107,,,
303,RUBIES,RUBIES-UDS-21944,2,rubies-uds33-v4_prism-clear_4233_21944.spec.fits,N/A,,,,,
304,GTO,GTO_1214_1158,1,gto-wide-cos04-v4_g235h-f170lp_1214_925.spec.fits,G235H,,13.554341420897426,,,
304,GTO,GTO_1214_1158,2,gto-wide-cos05-v4_g235h-f170lp_1214_1158.spec.fits,G235H,,13.260330173560327,,,
304,GTO,GTO_1214_1158,3,gto-wide-cos04-v4_g395h-f290lp_1214_925.spec.fits,N/A,,,,,
304,GTO,GTO_1214_1158,4,gto-wide-cos04-v4_prism-clear_1214_925.spec.fits,N/A,,,,,
304,GTO,GTO_1214_1158,5,gto-wide-cos05-v4_g395h-f290lp_1214_1158.spec.fits,N/A,,,,,
304,GTO,GTO_1214_1158,6,gto-wide-cos05-v4_prism-clear_1214_1158.spec.fits,N/A,,,,,
305,EGS,EGS-46724,1,capers-egs49-v4_prism-clear_6368_92733.spec.fits,PRISM,12.998731960465971,,,,
305,EGS,EGS-46724,2,rubies-egs62-v4_g395m-f290lp_4233_46724.spec.fits,G395M,7.460668462329099,,,,
305,EGS,EGS-46724,3,rubies-egs62-v4_prism-clear_4233_46724.spec.fits,PRISM,6.789946328204241,,,,
305,EGS,EGS-46724,4,rubies-egs63-v4_g395m-f290lp_4233_46724.spec.fits,G395M,3.1624782764945927,3.656887039365628,,,
306,UDS,UDS-53692,1,rubies-uds33-v4_g395m-f290lp_4233_53692.spec.fits,G395M,8.169095227562599,12.58674684938957,,,
306,UDS,UDS-53692,2,rubies-uds33-v4_prism-clear_4233_53692.spec.fits,PRISM,5.860321922963161,,,,
307,RUBIES,RUBIES_4233_150987,1,rubies-uds22-v4_g395m-f290lp_4233_150987.spec.fits,G395M,,11.682372459884872,,,
307,RUBIES,RUBIES_4233_150987,2,rubies-uds22-v4_prism-clear_4233_150987.spec.fits,N/A,,,,,
308,VALENTINO,VALENTINO_3567_5276,1,valentino-cosmos03-v4_g235m-f170lp_3567_5276.spec.fits,G235M,,11.51166626395907,,,
309,UDS,UDS-41571,1,rubies-uds41-v4_g395m-f290lp_4233_41571.spec.fits,G395M,3.111531857626443,11.352033211914993,,,
309,UDS,UDS-41571,2,rubies-uds41-v4_prism-clear_4233_41571.spec.fits,N/A,,,,,
310,GS,GS-164055,1,jades-gds02-v4_g395m-f290lp_1286_164055.spec.fits,G395M,11.293858167847894,,,,
310,GS,GS-164055,2,jades-gds02-v4_prism-clear_1286_164055.spec.fits,PRISM,7.940333857120084,,,,
310,GS,GS-164055,3,jades-gds02-v4_g395h-f290lp_1286_164055.spec.fits,G395H,5.906600891561568,,,,
310,GS,GS-164055,4,jades-gds02-v4_g140m-f070lp_1286_164055.spec.fits,N/A,,,,,
310,GS,GS-164055,5,jades-gds02-v4_g235m-f170lp_1286_164055.spec.fits,N/A,,,,,
311,RUBIES,RUBIES-UDS-146995,1,rubies-uds23-v4_g395m-f290lp_4233_146995.spec.fits,G395M,,11.026769172995461,,,
311,RUBIES,RUBIES-UDS-146995,2,rubies-uds23-v4_prism-clear_4233_146995.spec.fits,N/A,,,,,
312,UDS,UDS-916674,1,rubies-uds1-v4_g395m-f290lp_4233_916674.spec.fits,G395M,10.967351665785298,8.122184118935962,,,
312,UDS,UDS-916674,2,rubies-uds1-v4_prism-clear_4233_916674.spec.fits,PRISM,6.215301237279172,,,,
313,VALENTINO,VALENTINO_3567_40442,1,valentino-egs-v4_g235m-f170lp_3567_40442.spec.fits,G235M,7.59015040966734,10.730715712394439,,,
313,VALENTINO,VALENTINO_3567_40442,2,ceers-v4_prism-clear_1345_2779.spec.fits,N/A,,,,,
313,VALENTINO,VALENTINO_3567_40442,3,glazebrook-egs-v4_prism-clear_2565_18996.spec.fits,N/A,,,,,
314,RUBIES,RUBIES_4233_160366,1,rubies-uds21-v4_g395m-f290lp_4233_160366.spec.fits,G395M,,10.288920232869465,,,
314,RUBIES,RUBIES_4233_160366,2,rubies-uds21-v4_prism-clear_4233_160366.spec.fits,N/A,,,,,
315,GLIMPSE,GLIMPSE_9223_5536,1,glimpse-obs01-v4_g395m-f290lp_9223_5536.spec.fits,G395M,8.598631496794598,10.132711656965185,,,
316,UDS,UDS-33938,1,rubies-uds1-v4_g395m-f290lp_4233_33938.spec.fits,G395M,9.779003796072962,4.611025741228083,,,
316,UDS,UDS-33938,2,rubies-uds1-v4_prism-clear_4233_33938.spec.fits,PRISM,6.75373353892008,,,,
316,UDS,UDS-33938,3,rubies-uds2-v4_g395m-f290lp_4233_33938.spec.fits,G395M,6.336883322210997,,,,
316,UDS,UDS-33938,4,rubies-uds2-v4_prism-clear_4233_33938.spec.fits,N/A,,,,,
317,UDS,UDS-981721,1,rubies-uds31-v4_g395m-f290lp_4233_981721.spec.fits,G395M,8.87859732874536,8.950540905500178,,,
317,UDS,UDS-981721,2,rubies-uds31-v4_prism-clear_4233_981721.spec.fits,PRISM,6.535092051134064,,,,
317,UDS,UDS-981721,3,excels-uds01-v4_g140m-f100lp_3543_131521.spec.fits,N/A,,,,,
317,UDS,UDS-981721,4,rubies-uds23-v4_g395m-f290lp_4233_981721.spec.fits,N/A,,,,,
317,UDS,UDS-981721,5,rubies-uds23-v4_prism-clear_4233_981721.spec.fits,N/A,,,,,
318,GN,GN-4685,1,jades-gdn11-v4_prism-clear_1181_4685.spec.fits,PRISM,8.85477108998968,,,,
318,GN,GN-4685,2,jades-gdn11-v4_g395m-f290lp_1181_4685.spec.fits,G395M,8.236789764965835,,,,
318,GN,GN-4685,3,jades-gdn11-v4_g140m-f070lp_1181_4685.spec.fits,N/A,,,,,
318,GN,GN-4685,4,jades-gdn11-v4_g235m-f170lp_1181_4685.spec.fits,N/A,,,,,
318,GN,GN-4685,5,jades-gdn11-v4_g395h-f290lp_1181_4685.spec.fits,N/A,,,,,
319,GTO,GTO_1213_3848,1,gto-wide-egs1-v4_g395h-f290lp_1213_3848.spec.fits,G395H,,8.796565134868308,,,
319,GTO,GTO_1213_3848,2,gto-wide-egs1-v4_prism-clear_1213_3848.spec.fits,PRISM,6.213751404113996,,,,
319,GTO,GTO_1213_3848,3,gto-wide-egs1-v4_g235h-f170lp_1213_3848.spec.fits,N/A,,,,,
320,GTO,GTO_1215_3088,1,gto-wide-uds12-v4_g235h-f170lp_1215_3088.spec.fits,G235H,,8.590678273208368,,,
320,GTO,GTO_1215_3088,2,gto-wide-uds12-v4_g395h-f290lp_1215_3088.spec.fits,N/A,,,,,
320,GTO,GTO_1215_3088,3,gto-wide-uds12-v4_prism-clear_1215_3088.spec.fits,N/A,,,,,
320,GTO,GTO_1215_3088,4,rubies-uds41-v4_g395m-f290lp_4233_31704.spec.fits,N/A,,,,,
320,GTO,GTO_1215_3088,5,rubies-uds41-v4_prism-clear_4233_31704.spec.fits,N/A,,,,,
321,UDS,UDS-967770,1,rubies-uds21-v4_g395m-f290lp_4233_967770.spec.fits,G395M,,7.042202918384972,,,
321,UDS,UDS-967770,2,rubies-uds21-v4_prism-clear_4233_967770.spec.fits,N/A,,,,,
322,EXCELS,EXCELS_3543_113667,1,excels-uds02-v4_g395m-f290lp_3543_113667.spec.fits,G395M,,6.436765285151195,,,
322,EXCELS,EXCELS_3543_113667,2,excels-uds02-v4_g140m-f100lp_3543_113667.spec.fits,N/A,,,,,
322,EXCELS,EXCELS_3543_113667,3,excels-uds02-v4_g235m-f170lp_3543_113667.spec.fits,N/A,,,,,
323,RUBIES,RUBIES-EGS-45599,1,rubies-egs53-v4_g395m-f290lp_4233_45599.spec.fits,G395M,4.618827793859665,6.1595307337581815,,,
324,UDS,UDS-36171,1,rubies-uds42-v4_g395m-f290lp_4233_36171.spec.fits,G395M,3.488651372983705,6.05394694972764,,,
324,UDS,UDS-36171,2,rubies-uds42-v4_prism-clear_4233_36171.spec.fits,PRISM,3.163782192382198,,,,
325,BLUEJAY,BLUEJAY_1810_16419,1,bluejay-north-v4_g235m-f170lp_1810_16419.spec.fits,G235M,,5.861418302604527,,,
325,BLUEJAY,BLUEJAY_1810_16419,2,bluejay-north-v4_g140m-f100lp_1810_16419.spec.fits,N/A,,,,,
325,BLUEJAY,BLUEJAY_1810_16419,3,bluejay-north-v4_g395m-f290lp_1810_16419.spec.fits,N/A,,,,,
326,EXCELS,EXCELS_3543_98447,1,excels-uds01-v4_g235m-f170lp_3543_98447.spec.fits,N/A,,,,,
329,RUBIES,RUBIES-UDS-63139,1,rubies-uds2-v4_g395m-f290lp_4233_63139.spec.fits,N/A,,,,,
330,UDS,UDS-40579,1,rubies-uds1-v4_g395m-f290lp_4233_40579.spec.fits,N/A,,,,,
330,UDS,UDS-40579,2,rubies-uds1-v4_prism-clear_4233_40579.spec.fits,N/A,,,,,
330,UDS,UDS-40579,3,rubies-uds2-v4_g395m-f290lp_4233_40579.spec.fits,N/A,,,,,
330,UDS,UDS-40579,4,rubies-uds2-v4_prism-clear_4233_40579.spec.fits,N/A,,,,,
