source_id,n_spectra,page,n_failed
GDN_4762_16620,2,0001_GDN_4762_16620.html,0
JADES_1181_25055,5,0002_JADES_1181_25055.html,0
SUSPENSE_2110_130040,1,0003_SUSPENSE_2110_130040.html,0
SUSPENSE_2110_128452,1,0004_SUSPENSE_2110_128452.html,0
JADES_1181_64818,4,0005_JADES_1181_64818.html,0
JADES_1180_44271,4,0006_JADES_1180_44271.html,0
SUSPENSE_2110_130647,1,0007_SUSPENSE_2110_130647.html,0
EXCELS_3543_69759,1,0008_EXCELS_3543_69759.html,0
GOODSN_1211_1795,3,0009_GOODSN_1211_1795.html,0
JADES_1181_23924,4,0010_JADES_1181_23924.html,0
JADES_1181_34145,4,0011_JADES_1181_34145.html,0
GOODSN_1211_4319,3,0012_GOODSN_1211_4319.html,0
EXCELS_3543_102901,2,0013_EXCELS_3543_102901.html,0
MACS1149_2758_150471,2,0014_MACS1149_2758_150471.html,0
BLUEJAY_1810_7185,3,0015_BLUEJAY_1810_7185.html,0
BLUEJAY_1810_19572,3,0016_BLUEJAY_1810_19572.html,0
GTO_1214_2937,3,0017_GTO_1214_2937.html,0
BLUEJAY_1810_8500,3,0018_BLUEJAY_1810_8500.html,0
GTO_1215_4250,3,0019_GTO_1215_4250.html,0
BLUEJAY_1810_16419,3,0020_BLUEJAY_1810_16419.html,0
JADES_1181_26194,5,0021_JADES_1181_26194.html,0
BLUEJAY_1810_18688,3,0022_BLUEJAY_1810_18688.html,0
CEERS_1345_2904,3,0023_CEERS_1345_2904.html,0
BLUEJAY_1810_18668,3,0024_BLUEJAY_1810_18668.html,0
BLUEJAY_1810_18977,3,0025_BLUEJAY_1810_18977.html,0
BLUEJAY_1810_12020,3,0026_BLUEJAY_1810_12020.html,0
BLUEJAY_1810_11337,3,0027_BLUEJAY_1810_11337.html,0
COSMOS_1879_2342,3,0028_COSMOS_1879_2342.html,0
BLUEJAY_1810_10314,3,0029_BLUEJAY_1810_10314.html,0
GTO_1214_1158,6,0030_GTO_1214_1158.html,0
GTO_1215_4909,3,0031_GTO_1215_4909.html,0
GDS_1207_209962,2,0032_GDS_1207_209962.html,0
CECILIA_2593_25,2,0033_CECILIA_2593_25.html,0
JADES_1181_27887,5,0034_JADES_1181_27887.html,0
GOODSN_1211_4151,3,0035_GOODSN_1211_4151.html,0
CECILIA_2593_29,2,0036_CECILIA_2593_29.html,0
GTO_1215_3088,5,0037_GTO_1215_3088.html,0
VALENTINO_3567_55536,2,0038_VALENTINO_3567_55536.html,0
JADES_1181_28074,4,0039_JADES_1181_28074.html,0
LYC22_1869_4096,2,0040_LYC22_1869_4096.html,0
VALENTINO_3567_71,1,0041_VALENTINO_3567_71.html,0
VALENTINO_3567_40904,1,0042_VALENTINO_3567_40904.html,0
AURORA_1914_5469,3,0043_AURORA_1914_5469.html,0
GTO_1215_3470,3,0044_GTO_1215_3470.html,0
GOODSN_1211_2460,3,0045_GOODSN_1211_2460.html,0
COSMOS_1879_1295,3,0046_COSMOS_1879_1295.html,0
JADES_1181_29711,4,0047_JADES_1181_29711.html,0
GDS_1671_37005,2,0048_GDS_1671_37005.html,0
CANTALUPO_1835_2044,1,0049_CANTALUPO_1835_2044.html,0
VALENTINO_3567_3285,1,0050_VALENTINO_3567_3285.html,0
VALENTINO_3567_5276,1,0051_VALENTINO_3567_5276.html,0
BLUEJAY_1810_11142,3,0052_BLUEJAY_1810_11142.html,0
CECILIA_2593_4,2,0053_CECILIA_2593_4.html,0
BLUEJAY_1810_12148,3,0054_BLUEJAY_1810_12148.html,0
VALENTINO_3567_54545,2,0055_VALENTINO_3567_54545.html,0
BLUEJAY_1810_19705,3,0056_BLUEJAY_1810_19705.html,0
VALENTINO_3567_54546,2,0057_VALENTINO_3567_54546.html,0
BLUEJAY_1810_19891,3,0058_BLUEJAY_1810_19891.html,0
GOODSN_1211_5243,3,0059_GOODSN_1211_5243.html,0
AURORA_1914_26798,3,0060_AURORA_1914_26798.html,0
VALENTINO_3567_136272,3,0061_VALENTINO_3567_136272.html,0
MACS1149_2758_150337,2,0062_MACS1149_2758_150337.html,0
BLUEJAY_1810_8280,3,0063_BLUEJAY_1810_8280.html,0
GTO_1213_9063,4,0064_GTO_1213_9063.html,0
VALENTINO_3567_24,1,0065_VALENTINO_3567_24.html,0
VALENTINO_3567_406,1,0066_VALENTINO_3567_406.html,0
MACS1149_2758_40151,2,0067_MACS1149_2758_40151.html,0
VALENTINO_3567_4301,1,0068_VALENTINO_3567_4301.html,0
JADES_1180_107700,6,0069_JADES_1180_107700.html,0
JADES_1180_5807,4,0070_JADES_1180_5807.html,0
JADES_1286_37746,5,0071_JADES_1286_37746.html,0
BLUEJAY_1810_8002,3,0072_BLUEJAY_1810_8002.html,0
GDS_1207_208030,2,0073_GDS_1207_208030.html,0
JADES_1180_6112,5,0074_JADES_1180_6112.html,0
COSMOS_4318_126981,2,0075_COSMOS_4318_126981.html,0
EXCELS_3543_98447,1,0076_EXCELS_3543_98447.html,0
GDS_1207_201027,2,0077_GDS_1207_201027.html,0
VALENTINO_3567_44021,4,0078_VALENTINO_3567_44021.html,0
JADES_1181_721,5,0079_JADES_1181_721.html,0
JADES_1181_28428,5,0080_JADES_1181_28428.html,0
JADES_1181_23367,4,0081_JADES_1181_23367.html,0
VALENTINO_3567_10480,1,0082_VALENTINO_3567_10480.html,0
VALENTINO_3567_51372,1,0083_VALENTINO_3567_51372.html,0
LYC22_1869_20013,2,0084_LYC22_1869_20013.html,0
LYC22_1869_20081,2,0085_LYC22_1869_20081.html,0
JADES_1180_197911,5,0086_JADES_1180_197911.html,0
LYC22_1869_2009,2,0087_LYC22_1869_2009.html,0
JADES_1181_22456,7,0088_JADES_1181_22456.html,0
AURORA_1914_4740,3,0089_AURORA_1914_4740.html,0
AURORA_1914_921842,3,0090_AURORA_1914_921842.html,0
JADES_1180_7384,4,0091_JADES_1180_7384.html,0
VALENTINO_3567_45518,1,0092_VALENTINO_3567_45518.html,0
BLUEJAY_1810_17000,3,0093_BLUEJAY_1810_17000.html,0
VALENTINO_3567_40442,3,0094_VALENTINO_3567_40442.html,0
BLUEJAY_1810_7102,3,0095_BLUEJAY_1810_7102.html,0
JADES_1181_53501,10,0096_JADES_1181_53501.html,0
VALENTINO_3567_53035,1,0097_VALENTINO_3567_53035.html,0
AURORA_1914_6124,3,0098_AURORA_1914_6124.html,0
JADES_1286_180575,6,0099_JADES_1286_180575.html,0
J0226_3325_1884,1,0100_J0226_3325_1884.html,0
COSMOS_4318_126891,2,0101_COSMOS_4318_126891.html,0
JADES_1180_17341,4,0102_JADES_1180_17341.html,0
RUBIES_4233_50522,2,0103_RUBIES_4233_50522.html,0
RUBIES_4233_150323,1,0104_RUBIES_4233_150323.html,0
STARK_2478_16056,3,0105_STARK_2478_16056.html,0
RUBIES_4233_58237,3,0106_RUBIES_4233_58237.html,0
RUBIES_4233_61627,2,0107_RUBIES_4233_61627.html,0
MACS1149_2758_60003,2,0108_MACS1149_2758_60003.html,0
RUBIES_4233_150987,2,0109_RUBIES_4233_150987.html,0
RUBIES_4233_15825,2,0110_RUBIES_4233_15825.html,0
JADES_1181_2916,4,0111_JADES_1181_2916.html,0
GDN_4762_36344,2,0112_GDN_4762_36344.html,0
MACS1149_1199_20024,2,0113_MACS1149_1199_20024.html,0
JADES_1180_209777,4,0114_JADES_1180_209777.html,0
VALENTINO_3567_20910,1,0115_VALENTINO_3567_20910.html,0
GLIMPSE_9223_34789,2,0116_GLIMPSE_9223_34789.html,0
GLIMPSE_9223_43084,1,0117_GLIMPSE_9223_43084.html,0
VALENTINO_3567_217057,1,0118_VALENTINO_3567_217057.html,0
EXCELS_3543_67887,1,0119_EXCELS_3543_67887.html,0
VALENTINO_3567_1546,1,0120_VALENTINO_3567_1546.html,0
EXCELS_3543_34495,3,0121_EXCELS_3543_34495.html,0
RUBIES_4233_10036,2,0122_RUBIES_4233_10036.html,0
EXCELS_3543_51825,2,0123_EXCELS_3543_51825.html,0
JADES_1286_179198,7,0124_JADES_1286_179198.html,0
RUBIES_4233_37032,2,0125_RUBIES_4233_37032.html,0
RUBIES_4233_45502,2,0126_RUBIES_4233_45502.html,0
RUBIES_4233_41926,1,0127_RUBIES_4233_41926.html,0
EXCELS_3543_112990,3,0128_EXCELS_3543_112990.html,0
RUBIES_4233_25712,2,0129_RUBIES_4233_25712.html,0
JADES_1180_13329,4,0130_JADES_1180_13329.html,0
GTO_1215_3757,3,0131_GTO_1215_3757.html,0
RUBIES_4233_16053,2,0132_RUBIES_4233_16053.html,0
RUBIES_4233_147412,3,0133_RUBIES_4233_147412.html,0
JADES_1181_2331,4,0134_JADES_1181_2331.html,0
RUBIES_4233_160366,2,0135_RUBIES_4233_160366.html,0
EXCELS_3543_113667,3,0136_EXCELS_3543_113667.html,0
VALENTINO_3567_793,1,0137_VALENTINO_3567_793.html,0
RUBIES_4233_8895,2,0138_RUBIES_4233_8895.html,0
VALENTINO_3567_1369,1,0139_VALENTINO_3567_1369.html,0
VALENTINO_3567_18,1,0140_VALENTINO_3567_18.html,0
RUBIES_4233_30969,1,0141_RUBIES_4233_30969.html,0
VALENTINO_3567_262,1,0142_VALENTINO_3567_262.html,0
GLASS_1324_160133,4,0143_GLASS_1324_160133.html,0
JADES_1180_10013268,4,0144_JADES_1180_10013268.html,0
AURORA_1914_927605,3,0145_AURORA_1914_927605.html,0
RUBIES_4233_119559,2,0146_RUBIES_4233_119559.html,0
EXCELS_3543_42268,1,0147_EXCELS_3543_42268.html,0
RUBIES_4233_31747,2,0148_RUBIES_4233_31747.html,0
JADES_1181_73488,5,0149_JADES_1181_73488.html,0
GDN_2674_3761,1,0150_GDN_2674_3761.html,0
EXCELS_3543_89922,1,0151_EXCELS_3543_89922.html,0
JADES_1181_72127,5,0152_JADES_1181_72127.html,0
RUBIES_4233_119957,2,0153_RUBIES_4233_119957.html,0
RUBIES_4233_28812,4,0154_RUBIES_4233_28812.html,0
RUBIES_4233_41683,1,0155_RUBIES_4233_41683.html,0
GDN_4762_37583,2,0156_GDN_4762_37583.html,0
RUBIES_4233_54059,2,0157_RUBIES_4233_54059.html,0
AURORA_1914_928583,3,0158_AURORA_1914_928583.html,0
JADES_1181_11836,5,0159_JADES_1181_11836.html,0
JADES_1181_28746,5,0160_JADES_1181_28746.html,0
JADES_1180_16375,4,0161_JADES_1180_16375.html,0
JADES_1181_53757,7,0162_JADES_1181_53757.html,0
CEERS_1345_1244,4,0163_CEERS_1345_1244.html,0
MACS1149_1199_80002,1,0164_MACS1149_1199_80002.html,0
AURORA_1914_8769,3,0165_AURORA_1914_8769.html,0
RUBIES_4233_29489,3,0166_RUBIES_4233_29489.html,0
GTO_1215_1472,3,0167_GTO_1215_1472.html,0
GTO_1215_6001,3,0168_GTO_1215_6001.html,0
VALENTINO_3567_51909,1,0169_VALENTINO_3567_51909.html,0
GTO_1213_3848,3,0170_GTO_1213_3848.html,0
GDS_1210_9515,5,0171_GDS_1210_9515.html,0
JADES_1181_20621,5,0172_JADES_1181_20621.html,0
GTO_1215_4446,3,0173_GTO_1215_4446.html,0
MACS1149_2758_60001,2,0174_MACS1149_2758_60001.html,0
GOODSN_1211_2066,3,0175_GOODSN_1211_2066.html,0
MACS0416_4750_50001,2,0176_MACS0416_4750_50001.html,0
RUBIES_4233_42658,1,0177_RUBIES_4233_42658.html,0
RUBIES_4233_182791,2,0178_RUBIES_4233_182791.html,0
JADES_1286_172975,5,0179_JADES_1286_172975.html,0
EGS_4106_71365,2,0180_EGS_4106_71365.html,0
RUBIES_4233_48449,2,0181_RUBIES_4233_48449.html,0
JADES_1286_38562,5,0182_JADES_1286_38562.html,0
VALENTINO_3567_1552,1,0183_VALENTINO_3567_1552.html,0
JADES_1181_39353,6,0184_JADES_1181_39353.html,0
RUBIES_4233_6411,2,0185_RUBIES_4233_6411.html,0
J0910_2028_14324,2,0186_J0910_2028_14324.html,0
JADES_1180_13520,4,0187_JADES_1180_13520.html,0
EGS_4106_51623,2,0188_EGS_4106_51623.html,0
RUBIES_4233_42232,5,0189_RUBIES_4233_42232.html,0
MACS0416_4750_60009,3,0190_MACS0416_4750_60009.html,0
JADES_1181_68797,10,0191_JADES_1181_68797.html,0
RUBIES_4233_166271,2,0192_RUBIES_4233_166271.html,0
JADES_1286_159717,5,0193_JADES_1286_159717.html,0
RUBIES_4233_61496,2,0194_RUBIES_4233_61496.html,0
VALENTINO_3567_44330,1,0195_VALENTINO_3567_44330.html,0
GDN_2674_14,1,0196_GDN_2674_14.html,0
JADES_1181_78773,5,0197_JADES_1181_78773.html,0
GDN_2674_32,1,0198_GDN_2674_32.html,0
RUBIES_4233_148866,2,0199_RUBIES_4233_148866.html,0
JADES_1181_77652,5,0200_JADES_1181_77652.html,0
CEERS_1345_2782,4,0201_CEERS_1345_2782.html,0
RUBIES_4233_50052,3,0202_RUBIES_4233_50052.html,0
RUBIES_4233_13872,2,0203_RUBIES_4233_13872.html,0
RUBIES_4233_42046,2,0204_RUBIES_4233_42046.html,0
RUBIES_4233_970351,2,0205_RUBIES_4233_970351.html,0
RUBIES_4233_926125,2,0206_RUBIES_4233_926125.html,0
RUBIES_4233_60935,2,0207_RUBIES_4233_60935.html,0
MACS0416_4750_60003,3,0208_MACS0416_4750_60003.html,0
MACS1149_2758_40149,2,0209_MACS1149_2758_40149.html,0
RUBIES_4233_29813,2,0210_RUBIES_4233_29813.html,0
JADES_1286_204851,5,0211_JADES_1286_204851.html,0
RUBIES_4233_17604,1,0212_RUBIES_4233_17604.html,0
GDN_2674_934,1,0213_GDN_2674_934.html,0
RUBIES_4233_172350,2,0214_RUBIES_4233_172350.html,0
JADES_1181_1093,5,0215_JADES_1181_1093.html,0
CEERS_1345_746,4,0216_CEERS_1345_746.html,0
RUBIES_4233_19521,4,0217_RUBIES_4233_19521.html,0
RUBIES_4233_47509,2,0218_RUBIES_4233_47509.html,0
RUBIES_4233_37124,2,0219_RUBIES_4233_37124.html,0
RUBIES_4233_139709,2,0220_RUBIES_4233_139709.html,0
J0226_3325_3190,1,0221_J0226_3325_3190.html,0
JADES_1181_38147,6,0222_JADES_1181_38147.html,0
JADES_1181_61888,5,0223_JADES_1181_61888.html,0
GDS_1210_13704,5,0224_GDS_1210_13704.html,0
JADES_1286_30148179,9,0225_JADES_1286_30148179.html,0
MACS0416_4750_22011,2,0226_MACS0416_4750_22011.html,0
GLIMPSE_9223_11026,1,0227_GLIMPSE_9223_11026.html,0
RUBIES_4233_174752,2,0228_RUBIES_4233_174752.html,0
GLIMPSE_9223_26653,1,0229_GLIMPSE_9223_26653.html,0
RUBIES_4233_50716,2,0230_RUBIES_4233_50716.html,0
MACS1149_2758_30028,2,0231_MACS1149_2758_30028.html,0
GLIMPSE_9223_5536,1,0232_GLIMPSE_9223_5536.html,0
RUBIES_4233_24210,2,0233_RUBIES_4233_24210.html,0
J0226_3325_10867,1,0234_J0226_3325_10867.html,0
J0226_3325_9556,1,0235_J0226_3325_9556.html,0
J0226_3325_6699,1,0236_J0226_3325_6699.html,0
J0910_2028_12910,2,0237_J0910_2028_12910.html,0
J0910_2028_14306,2,0238_J0910_2028_14306.html,0
GLIMPSE_9223_329380,1,0239_GLIMPSE_9223_329380.html,0
RUBIES_4233_49140,5,0240_RUBIES_4233_49140.html,0
EGS_4106_57146,2,0241_EGS_4106_57146.html,0
EGS_4106_47962,5,0242_EGS_4106_47962.html,0
AURORA_1914_100182,3,0243_AURORA_1914_100182.html,0
JADES_1181_954,4,0244_JADES_1181_954.html,0
RUBIES_4233_807469,2,0245_RUBIES_4233_807469.html,0
GLIMPSE_9223_46938,1,0246_GLIMPSE_9223_46938.html,0
RUBIES_4233_925921,2,0247_RUBIES_4233_925921.html,0
EGS_4287_127193,2,0248_EGS_4287_127193.html,0
RUBIES_4233_55604,2,0249_RUBIES_4233_55604.html,0
BLUEJAY_1810_19945,3,0250_BLUEJAY_1810_19945.html,0
RUBIES_4233_42803,3,0251_RUBIES_4233_42803.html,0
GDN_4762_33609,2,0252_GDN_4762_33609.html,0
UDS-40579,4,0253_UDS-40579.html,0
UDS-143741,2,0254_UDS-143741.html,0
UDS-144195,2,0255_UDS-144195.html,0
UDS-44043,1,0256_UDS-44043.html,0
UDS-143498,1,0257_UDS-143498.html,0
UDS-154183,2,0258_UDS-154183.html,0
UDS-5496,2,0259_UDS-5496.html,0
UDS-23438,2,0260_UDS-23438.html,0
UDS-42289,2,0261_UDS-42289.html,0
UDS-19785,1,0262_UDS-19785.html,0
EGS-34978,1,0263_EGS-34978.html,0
UDS-53452,2,0264_UDS-53452.html,0
UDS-167741,2,0265_UDS-167741.html,0
UDS-143683,2,0266_UDS-143683.html,0
UDS-171824,2,0267_UDS-171824.html,0
EGS-952625,2,0268_EGS-952625.html,0
UDS-830237,4,0269_UDS-830237.html,0
UDS-149298,3,0270_UDS-149298.html,0
EGS-17301,3,0271_EGS-17301.html,0
UDS-24447,2,0272_UDS-24447.html,0
EGS-70473,1,0273_EGS-70473.html,0
UDS-53692,2,0274_UDS-53692.html,0
UDS-41571,2,0275_UDS-41571.html,0
UDS-840721,2,0276_UDS-840721.html,0
EGS-931291,3,0277_EGS-931291.html,0
UDS-34411,2,0278_UDS-34411.html,0
UDS-14947,2,0279_UDS-14947.html,0
UDS-916674,2,0280_UDS-916674.html,0
UDS-966096,2,0281_UDS-966096.html,0
UDS-961025,2,0282_UDS-961025.html,0
UDS-57040,0,0283_UDS-57040.html,0
UDS-36171,2,0284_UDS-36171.html,0
UDS-967770,2,0285_UDS-967770.html,0
EGS-53254,3,0286_EGS-53254.html,0
UDS-33938,4,0287_UDS-33938.html,0
EGS-927271,2,0288_EGS-927271.html,0
UDS-60452,1,0289_UDS-60452.html,0
EGS-46724,4,0290_EGS-46724.html,0
UDS-919440,3,0291_UDS-919440.html,0
EGS-959367,4,0292_EGS-959367.html,0
UDS-19112,2,0293_UDS-19112.html,0
UDS-920396,3,0294_UDS-920396.html,0
UDS-848745,2,0295_UDS-848745.html,0
UDS-981721,5,0296_UDS-981721.html,0
EGS-966323,7,0297_EGS-966323.html,0
GS-210600,0,0298_GS-210600.html,0
GS-159438,5,0299_GS-159438.html,0
GN-62309,5,0300_GN-62309.html,0
GN-38509,4,0301_GN-38509.html,0
GN-29648,5,0302_GN-29648.html,0
GS-9598,4,0303_GS-9598.html,0
GS-200679,3,0304_GS-200679.html,0
GS-20057765,5,0305_GS-20057765.html,0
GS-20030333,5,0306_GS-20030333.html,0
GS-164055,5,0307_GS-164055.html,0
GN-4685,5,0308_GN-4685.html,0
RUBIES-EGS-50812,2,0309_RUBIES-EGS-50812.html,0
RUBIES-UDS-21944,2,0310_RUBIES-UDS-21944.html,0
RUBIES-UDS-46566,2,0311_RUBIES-UDS-46566.html,0
RUBIES-UDS-153207,2,0312_RUBIES-UDS-153207.html,0
RUBIES-EGS-920,2,0313_RUBIES-EGS-920.html,0
RUBIES-UDS-18302,2,0314_RUBIES-UDS-18302.html,0
RUBIES-UDS-46885,1,0315_RUBIES-UDS-46885.html,0
RUBIES-UDS-146995,2,0316_RUBIES-UDS-146995.html,0
RUBIES-EGS-19174,2,0317_RUBIES-EGS-19174.html,0
CEERS-11728,4,0318_CEERS-11728.html,0
RUBIES-UDS-22304,1,0319_RUBIES-UDS-22304.html,0
RUBIES-UDS-147411,0,0320_RUBIES-UDS-147411.html,0
RUBIES-UDS-11721,2,0321_RUBIES-UDS-11721.html,0
RUBIES-UDS-155916,2,0322_RUBIES-UDS-155916.html,0
RUBIES-UDS-35974,2,0323_RUBIES-UDS-35974.html,0
RUBIES-UDS-63139,1,0324_RUBIES-UDS-63139.html,0
RUBIES-UDS-48507,1,0325_RUBIES-UDS-48507.html,0
RUBIES-UDS-19484,2,0326_RUBIES-UDS-19484.html,0
RUBIES-EGS-45599,1,0327_RUBIES-EGS-45599.html,0
RUBIES-EGS-46985,2,0328_RUBIES-EGS-46985.html,0
RUBIES-EGS-17146,3,0329_RUBIES-EGS-17146.html,0
CEERS-672,3,0330_CEERS-672.html,0
CEERS-397,6,0331_CEERS-397.html,0
